게시판번호,11,12,13,14,15,16,17,18
237371,1,1,1,0,0,0,0,0
237354,0,1,1,0,0,1,1,0
237379,1,0,1,0,0,1,1,0
237358,1,1,1,0,0,0,0,0
237378,0,0,1,0,0,1,0,0
237355,1,0,1,0,0,0,0,0
237366,1,1,1,0,0,0,0,0
237356,0,1,0,1,0,0,0,0
237388,1,1,1,0,0,0,0,0
237390,1,1,1,0,0,1,1,1
237393,1,1,1,0,0,0,0,0
237461,1,1,0,1,0,0,0,0
237464,0,1,1,0,0,0,1,0
237466,0,0,0,1,0,0,0,0
237467,1,1,0,1,0,0,0,0
237468,1,1,1,1,0,0,1,0
237469,1,0,1,0,0,0,1,0
237474,1,0,1,0,0,1,0,1
237475,0,0,0,0,0,0,0,1
237478,1,1,1,0,0,1,1,0
237491,0,0,0,0,1,1,0,0
237494,0,0,0,0,0,0,0,0
237506,0,0,0,0,0,1,0,0
237508,1,0,1,0,0,0,1,0
237511,0,0,0,0,0,1,0,0
237521,1,1,1,0,0,0,0,1
237522,1,1,1,0,0,0,1,1
237523,1,1,1,0,0,0,1,0
237524,0,0,1,0,0,0,0,0
237527,1,1,1,0,0,0,1,0
237537,1,1,1,0,0,0,1,0
237541,1,1,1,0,0,0,1,0
237544,0,0,1,0,0,1,0,0
237549,1,1,1,0,0,0,0,0
237553,0,0,0,0,0,1,0,1
237302,0,1,0,0,0,0,0,0
237140,0,0,0,0,0,1,0,0
237141,0,0,1,1,0,0,1,0
237142,1,1,1,0,0,0,0,1
237144,0,0,0,0,0,0,0,0
237146,0,0,1,1,0,0,0,0
237153,0,0,1,0,0,0,1,0
237159,1,1,1,0,0,0,1,0
237166,0,1,0,0,0,1,0,0
237173,0,1,1,0,0,1,1,0
237177,1,1,0,0,0,1,1,0
237183,1,1,1,0,0,0,1,0
237291,1,1,1,0,0,0,1,0
237293,1,1,1,0,0,0,1,1
237194,1,1,1,0,0,0,1,0
237195,0,0,0,1,0,1,0,0
237200,0,1,0,1,0,0,1,0
237201,1,1,1,0,0,0,0,0
237219,1,1,1,0,0,0,0,0
237225,1,1,1,0,0,0,1,0
237227,1,1,1,0,0,0,1,1
237228,1,0,1,0,0,0,1,0
237232,1,1,1,0,0,0,0,0
237233,1,1,1,0,0,0,0,0
237236,1,1,1,0,0,0,1,0
237240,0,1,1,0,0,1,1,0
237241,0,1,0,0,0,0,0,0
237245,1,1,1,0,0,1,0,0
237288,0,0,0,1,0,0,0,0
237289,1,0,1,0,0,0,0,1
237307,0,1,1,0,0,0,0,0
237326,1,0,1,0,0,0,0,0
237327,1,1,1,0,0,0,0,0
236960,1,1,1,0,0,0,0,0
236962,1,1,1,0,0,0,1,0
236967,1,1,0,1,0,0,0,0
236969,1,1,1,0,0,0,0,0
236971,1,1,1,0,0,0,1,0
237021,0,0,0,0,0,1,0,1
237026,1,1,1,0,0,0,0,0
237032,1,1,1,0,0,0,0,0
237037,1,0,1,0,0,0,0,0
237044,1,1,1,0,0,0,1,0
237048,1,1,1,0,0,1,1,0
237049,1,0,1,0,0,1,0,0
237050,0,1,1,0,0,0,0,0
237052,1,0,1,0,0,0,0,1
237053,1,1,1,0,0,0,0,0
237059,0,0,0,0,0,0,0,0
237060,1,1,1,0,0,0,1,0
237061,1,1,1,0,0,0,0,0
237064,0,0,1,0,0,0,0,0
237065,0,0,0,0,0,1,1,0
237066,1,1,1,0,0,0,1,0
237067,1,1,1,0,0,0,1,1
237074,0,0,0,0,0,0,0,0
237075,0,0,0,1,0,1,0,0
237076,0,1,0,1,0,1,0,0
237078,0,0,0,0,0,0,0,0
237080,1,0,1,0,0,0,0,0
237081,0,0,1,0,0,1,0,1
237082,0,0,1,0,0,1,0,0
237090,0,0,0,0,0,1,0,1
237093,0,1,0,1,0,0,0,0
237103,0,0,0,0,0,0,0,0
237107,0,0,1,0,0,0,1,0
237109,1,0,1,0,0,0,1,0
237112,0,1,1,0,0,1,1,0
237136,1,1,1,0,0,0,0,0
237137,1,1,1,0,0,0,1,0
236822,0,0,0,0,0,1,0,0
236828,1,1,1,0,0,0,0,1
236832,0,0,0,0,0,1,0,0
236833,1,1,1,0,0,0,1,0
236838,1,1,1,0,0,1,1,0
236853,1,1,1,0,0,0,1,0
236859,1,1,1,0,0,0,1,1
236866,0,0,1,0,0,0,1,0
236867,1,1,1,0,0,0,1,0
236875,0,0,0,1,0,0,0,0
236882,0,1,0,1,0,0,0,0
236890,0,0,0,1,0,0,0,0
236894,1,1,1,0,0,0,0,0
236895,1,1,0,1,0,0,0,0
236901,1,1,1,0,0,0,0,0
236918,1,1,0,1,0,0,0,0
236919,1,1,0,1,0,0,0,0
236928,0,0,0,1,0,0,0,0
236930,0,1,0,1,0,0,0,0
236931,0,0,0,1,0,0,0,0
236942,0,0,0,0,0,1,0,0
236947,1,1,1,0,0,0,1,0
236671,0,1,0,0,1,1,0,0
236676,0,0,0,0,0,1,1,0
236682,0,0,1,1,0,0,0,0
236683,0,0,1,0,0,0,0,0
236689,0,0,0,1,0,0,0,0
236703,0,0,1,0,0,1,0,1
236708,1,1,1,0,0,0,1,0
236742,1,0,1,0,0,0,1,1
236731,0,0,0,1,0,0,0,0
236743,0,1,0,1,0,1,0,0
236745,1,1,1,0,0,0,0,0
236747,1,1,1,0,0,0,1,0
236758,0,0,0,0,0,1,0,1
236759,0,1,1,0,0,0,1,1
236760,1,1,1,0,0,1,1,0
236761,1,1,1,0,0,0,1,1
236769,1,1,1,0,0,0,1,0
236783,1,1,1,1,0,0,1,0
236787,0,0,0,1,0,0,0,0
236797,1,1,1,0,0,0,0,0
236500,0,1,0,1,0,0,0,0
236514,0,1,1,0,0,0,1,0
236536,0,0,0,1,0,1,0,0
236537,1,1,1,1,0,0,1,0
236553,1,0,1,0,0,1,0,0
236475,0,1,1,0,0,1,0,0
236549,1,1,0,1,0,0,0,0
236488,1,0,0,0,0,1,0,0
236554,1,1,0,1,0,0,0,0
236557,0,1,0,1,0,0,0,0
236561,1,1,1,0,0,0,1,0
236564,1,0,1,0,0,0,1,0
236565,1,1,0,1,0,0,0,0
236591,0,1,1,0,0,1,0,0
236601,1,1,1,0,0,0,1,0
236609,1,1,1,0,0,0,1,0
236610,1,1,1,0,0,0,1,0
236645,1,1,0,1,0,0,0,0
236653,0,0,0,1,0,0,0,0
236661,1,0,1,0,0,0,1,0
236308,0,0,0,1,0,0,0,0
236311,1,1,1,0,0,0,0,1
236312,0,1,1,0,0,1,1,0
236318,0,1,1,0,0,1,1,0
236324,0,0,0,0,0,0,0,0
236325,0,0,0,0,0,0,0,0
236328,1,1,1,0,0,0,1,0
236329,1,1,1,0,0,0,1,0
236337,0,1,0,0,0,0,0,0
236371,0,0,0,0,0,1,0,1
236372,1,0,1,0,0,1,0,0
236345,0,0,0,0,0,1,1,0
236347,1,1,1,0,0,0,1,0
236349,0,0,0,0,0,1,0,1
236366,1,1,1,0,0,0,1,0
236373,0,1,1,0,0,0,0,0
240817,0,1,1,0,0,0,0,0
236382,1,0,1,0,0,0,1,0
236383,1,1,1,0,0,0,1,0
236384,0,0,0,0,0,1,0,0
236406,1,0,1,0,0,0,0,0
236409,0,1,1,0,0,0,0,0
236420,0,0,0,0,0,0,1,0
236426,0,0,1,0,0,0,0,0
236428,0,0,0,0,0,1,0,0
236429,0,0,0,0,0,0,0,0
236434,0,0,0,0,0,1,0,0
236435,1,0,1,0,0,1,0,0
236440,0,0,0,0,0,0,0,0
236441,0,1,1,0,0,1,1,0
236444,1,0,1,0,0,0,0,0
236445,0,1,0,1,0,1,0,0
236110,1,0,1,0,0,0,0,0
236119,1,0,1,0,0,0,1,0
236120,1,1,1,0,0,0,1,0
236138,1,0,1,0,0,0,1,0
236140,0,0,1,0,0,0,1,0
236136,1,0,1,0,0,1,1,0
236137,1,1,1,0,0,1,1,0
236151,0,0,0,0,0,0,0,1
236152,1,1,1,0,0,1,0,0
236153,0,1,1,0,0,0,0,0
236156,1,1,1,0,0,0,0,0
236157,1,1,1,0,0,0,0,0
236159,1,0,1,0,0,0,1,0
236161,1,1,1,0,0,0,0,0
236191,1,1,1,0,0,0,1,0
236199,0,1,0,1,0,1,0,0
236200,0,1,0,1,0,1,0,0
236223,0,1,0,1,0,0,0,0
236224,1,1,0,1,0,0,0,0
236222,0,0,0,1,0,0,0,0
236226,0,1,0,1,0,0,0,0
236239,1,1,1,0,0,0,0,0
236247,1,1,1,0,0,0,1,1
236250,1,0,1,0,0,1,0,0
236252,1,1,1,0,0,0,1,0
236254,0,0,1,0,0,0,0,0
236256,1,1,1,0,0,0,1,0
236291,1,1,1,0,0,0,1,0
235720,0,0,0,1,0,0,0,0
235745,1,1,1,0,0,0,1,0
235754,0,0,1,0,0,0,1,0
235784,0,1,1,0,0,0,1,0
235785,1,1,1,0,0,0,1,0
235790,1,1,1,0,0,0,0,0
235797,0,0,0,0,0,1,1,0
235799,0,0,1,0,0,0,1,0
235800,1,0,1,0,0,0,1,0
235801,0,0,1,0,0,0,1,0
235802,1,1,1,0,0,0,1,0
235803,0,1,1,0,0,1,1,0
235804,1,1,1,0,0,0,1,0
235856,0,1,1,0,0,1,1,1
235860,1,1,1,0,0,0,0,0
235863,1,0,1,0,0,1,1,0
235874,0,0,1,0,0,0,1,0
235875,0,0,1,0,0,0,1,0
235877,0,0,1,0,0,0,0,0
235928,0,0,1,1,0,0,1,0
235931,0,1,0,1,0,0,0,0
235936,0,0,0,1,0,1,0,0
235937,0,0,0,0,0,0,0,0
235948,1,1,1,0,0,0,1,0
235949,1,1,1,0,0,0,1,0
235953,1,1,1,0,0,0,1,0
236020,0,0,0,0,0,1,0,0
236025,1,1,1,0,0,0,0,0
236026,1,1,1,0,0,0,1,0
236037,0,0,1,0,0,1,1,0
236039,1,1,1,0,0,0,1,0
236051,0,0,1,0,0,0,1,0
235446,0,0,1,0,0,0,0,0
235445,0,0,0,0,0,1,0,1
235551,0,0,0,0,0,0,0,0
235555,1,0,1,0,0,0,1,0
235565,1,1,1,0,0,0,0,0
235568,1,1,1,1,0,0,1,0
235577,1,1,0,1,0,0,0,0
235584,0,1,0,1,0,0,0,0
235585,0,1,1,0,0,1,1,0
235587,0,0,1,0,0,1,0,1
235586,0,0,1,0,0,0,1,1
235590,0,0,0,0,0,0,0,0
235599,0,1,0,1,0,0,0,0
235604,0,1,1,0,0,0,1,0
235619,1,1,1,0,0,0,0,1
235633,0,0,0,0,0,0,0,0
235643,1,1,1,0,0,0,0,0
235644,0,0,1,0,0,0,1,1
235649,0,0,0,1,0,0,0,0
235651,0,0,0,1,0,1,0,0
235653,0,1,0,1,0,0,0,0
235655,1,1,1,1,0,0,1,0
235556,1,0,1,0,0,0,1,0
235663,1,1,1,0,0,0,1,0
235673,0,0,1,0,0,1,1,0
235674,0,0,0,0,0,0,0,0
235603,0,1,0,1,0,0,0,0
235694,0,0,0,1,0,0,0,0
235664,1,1,1,0,0,0,1,0
235665,1,1,1,0,0,0,1,0
235670,1,0,1,0,0,0,1,0
235666,1,1,1,0,0,0,0,0
235699,0,0,0,1,0,0,0,0
235705,0,0,0,0,0,1,0,1
235708,1,1,1,0,0,0,1,0
235441,0,0,0,1,0,0,0,0
235443,1,1,1,0,0,0,0,0
235444,1,1,1,0,0,0,1,0
235453,1,1,1,0,0,0,1,0
235454,0,1,0,1,0,0,0,0
235455,0,1,0,0,0,0,0,0
235459,1,1,1,0,0,0,1,0
235461,1,1,1,1,0,0,1,0
235469,0,0,0,1,0,0,0,0
235470,0,1,0,1,0,0,0,0
235473,1,1,1,0,0,0,1,0
235477,1,1,1,0,0,0,0,0
235478,0,0,0,1,0,1,0,0
235395,1,1,1,0,0,0,1,0
235482,0,0,0,0,0,0,1,0
235484,0,0,0,0,0,0,0,1
235495,1,1,1,0,0,0,1,0
235496,1,1,1,0,0,0,1,0
235499,1,1,1,1,0,0,1,0
235500,1,1,0,1,0,0,0,0
235502,0,1,0,1,0,0,0,0
235503,0,0,0,1,0,1,0,0
235504,1,1,0,0,0,1,1,0
235505,1,1,1,1,0,0,0,0
235506,1,0,1,0,0,0,1,0
235507,0,0,0,1,0,0,0,0
235508,1,1,1,0,0,0,0,0
235509,0,0,0,1,0,0,0,0
235510,1,1,1,0,0,0,0,0
235511,1,1,1,0,0,0,1,0
235512,0,0,0,1,0,0,0,0
235515,0,0,0,1,0,0,0,0
235456,0,0,0,1,0,0,0,0
235462,0,0,1,0,0,0,1,0
235468,0,1,1,0,0,1,0,0
235514,0,0,0,0,0,0,0,0
235497,0,0,0,0,0,0,0,0
235516,0,0,1,1,0,0,1,1
235517,0,0,0,1,0,0,0,0
235537,0,0,0,0,0,0,0,0
235363,0,0,0,0,0,1,0,0
235364,0,1,0,0,0,1,0,0
235366,0,1,0,1,0,1,0,0
235367,1,1,1,0,0,0,1,0
235368,1,0,1,0,0,0,1,0
235369,0,1,0,1,0,0,0,0
235370,0,0,0,1,0,0,0,0
235371,1,1,1,0,0,0,0,0
235373,0,0,0,1,0,0,0,0
235307,0,1,0,0,0,0,0,0
235382,0,1,1,0,0,1,0,0
235389,0,0,0,1,0,0,0,0
235390,1,1,1,0,0,0,1,0
235394,1,1,1,0,0,0,1,0
235397,1,1,1,1,0,0,1,0
235398,0,0,0,1,0,0,0,0
235402,1,1,1,0,0,0,0,0
235403,1,1,0,1,0,0,0,0
235404,0,1,0,0,0,0,0,0
235393,1,1,1,1,0,0,1,0
235406,1,1,1,1,0,0,1,0
235409,1,1,1,0,0,0,1,0
235410,0,1,0,1,0,0,0,0
235412,1,1,1,0,0,0,0,1
235413,0,1,1,0,0,1,1,1
235415,0,1,1,0,0,0,0,0
235424,1,0,0,1,0,1,0,0
235433,1,0,1,0,0,0,1,0
235438,0,0,0,1,0,0,0,0
235440,1,1,0,1,0,0,0,0
235243,1,1,1,0,0,0,1,0
235244,1,1,1,0,0,0,1,0
235245,0,1,0,1,0,1,0,0
235249,0,0,0,1,0,0,1,0
235248,0,0,0,1,0,0,0,0
235250,1,1,1,1,0,0,1,0
235251,0,0,1,1,0,0,0,0
235257,0,0,1,0,0,0,0,0
235263,0,0,0,1,0,0,0,0
235273,1,1,1,1,0,0,0,0
235282,0,0,0,0,0,1,0,0
235283,0,1,1,0,0,0,1,0
235276,1,1,1,0,0,0,1,0
235380,0,0,0,1,0,0,0,0
235360,0,0,0,0,0,0,0,0
235362,0,0,0,0,0,0,0,0
235378,0,0,0,1,0,0,0,0
235385,0,0,0,0,0,0,0,0
235387,0,0,0,1,0,0,0,0
235416,1,0,1,0,0,0,1,0
235291,1,1,0,1,0,0,0,0
235292,1,1,1,1,0,0,1,0
235302,1,1,1,0,0,0,1,0
235314,0,1,1,0,0,1,1,0
235333,0,0,0,0,0,1,0,0
235336,0,1,0,0,1,1,0,0
235348,1,1,1,0,0,0,1,0
201915,1,1,1,0,0,0,1,0
201790,1,1,1,1,0,0,1,0
234181,0,1,1,0,0,0,0,0
234182,0,0,0,0,1,0,0,0
234183,0,0,0,0,1,0,0,0
234184,0,1,1,0,0,0,1,0
234186,1,1,1,0,0,1,1,0
234187,1,1,1,0,0,1,1,0
234188,0,0,0,0,0,1,1,0
234189,0,0,1,0,0,0,0,0
234657,0,1,0,1,0,0,0,0
234671,0,0,0,1,0,0,0,0
234705,0,1,0,1,0,0,0,0
234707,0,0,0,0,0,0,0,0
234708,0,1,1,0,0,0,0,0
234907,1,0,1,1,0,1,0,0
234716,1,1,1,0,0,0,1,1
234944,0,0,0,0,0,1,0,0
234953,0,1,1,0,0,0,1,0
235063,1,1,1,1,0,0,1,0
235125,0,1,0,0,0,0,0,0
235132,0,1,1,0,0,1,1,1
235127,0,1,0,0,1,0,0,0
235133,1,1,1,0,0,0,1,0
235134,1,0,1,0,0,0,0,1
235139,1,0,0,1,0,1,0,0
235130,0,0,1,0,0,0,0,1
235163,1,1,1,0,0,0,1,0
235168,1,1,1,0,0,0,0,0
235169,1,1,1,0,0,0,0,0
235170,0,0,1,0,0,0,0,0
235175,0,1,0,1,0,0,0,0
235181,1,1,1,0,0,0,1,0
235182,1,1,1,0,0,0,1,0
235183,1,1,1,0,0,0,0,0
235184,0,1,0,0,1,0,0,0
235185,1,1,1,0,0,0,1,0
235186,0,0,0,0,0,0,0,0
235187,0,1,0,1,0,0,0,0
235188,1,1,1,0,0,0,1,0
235189,1,1,1,0,0,0,0,0
235190,1,1,1,0,0,0,1,0
235191,0,0,0,0,0,1,0,0
235192,0,1,1,0,0,1,1,0
235195,1,0,1,0,0,0,0,0
235196,1,1,1,0,0,0,1,0
235198,1,1,1,0,0,0,1,0
235200,1,1,1,0,0,0,1,0
235201,1,1,1,0,0,0,1,1
235202,0,1,1,0,0,0,1,0
235203,0,0,0,0,0,0,0,0
235207,0,0,1,0,0,0,0,0
235220,0,0,0,0,0,0,0,0
235225,0,0,0,1,0,0,0,0
235206,0,1,1,0,0,0,1,0
201738,1,1,1,0,0,0,1,0
201742,0,0,1,0,0,0,1,0
201743,1,1,0,1,0,0,0,0
201746,0,0,0,1,0,0,0,0
201749,0,0,0,1,0,0,0,0
201753,1,1,1,0,0,1,1,1
201763,0,1,0,0,1,0,0,0
201767,0,1,1,0,0,0,1,0
201427,1,1,1,0,0,0,1,0
201775,1,0,1,0,0,0,0,0
201781,1,1,1,0,0,0,0,0
201791,0,0,0,1,0,0,0,0
201794,1,1,1,0,0,0,1,0
201796,1,1,0,1,0,0,0,0
201800,0,0,0,1,0,0,0,0
201804,0,0,1,1,0,0,0,1
201806,0,0,0,1,0,0,0,0
201807,0,0,0,1,0,0,0,0
201782,1,1,1,0,0,0,1,0
201814,1,0,1,0,0,0,0,0
201797,0,0,1,0,0,0,0,0
201819,0,0,0,0,1,0,0,0
201820,1,1,1,1,0,0,1,0
201821,0,1,0,1,0,0,0,0
201824,1,1,1,0,0,0,0,0
201825,0,1,1,0,0,1,1,0
201827,0,0,0,1,0,1,0,0
201833,0,1,1,0,0,0,0,0
201840,0,0,0,1,0,1,0,0
201842,0,0,0,1,0,0,0,0
201844,0,1,1,0,0,1,1,1
201851,0,1,0,1,0,0,0,0
201852,1,1,1,1,0,0,1,0
201853,0,0,0,0,0,0,0,0
201854,0,1,0,1,0,1,0,0
201873,0,0,0,1,0,0,1,0
201874,0,0,0,1,0,0,0,0
201892,1,1,1,0,0,0,1,0
201593,0,0,0,0,0,1,1,0
201594,0,0,0,0,0,0,0,0
201600,1,1,1,0,0,1,0,1
201601,1,1,1,0,0,1,1,0
201602,1,1,1,0,0,0,0,0
201754,1,1,1,0,0,0,1,0
201608,0,1,1,0,0,0,0,0
201614,0,0,0,0,0,0,0,0
201616,0,0,1,0,0,0,0,0
201622,1,1,1,0,0,0,0,0
201623,1,1,1,0,0,0,1,0
201624,1,1,1,0,0,0,1,0
201629,0,1,0,0,0,1,1,0
201640,0,0,0,1,0,1,0,0
201630,1,1,1,0,0,0,1,0
201634,1,1,1,0,0,0,0,1
201642,0,0,0,1,0,1,0,0
201643,0,0,0,1,0,1,0,0
201647,1,1,1,0,0,0,1,0
201650,0,0,0,0,1,0,0,0
201659,1,1,1,0,0,0,1,0
201660,1,1,1,0,0,0,1,1
201662,1,1,1,0,0,0,0,0
201663,1,1,1,0,0,0,0,0
201666,1,0,0,1,0,1,0,0
201667,0,0,0,1,0,0,0,0
201686,1,1,1,0,0,0,1,0
201693,0,1,1,0,0,1,0,0
201696,0,0,0,0,0,0,0,0
201697,0,0,0,0,0,1,0,0
201698,1,0,0,1,0,1,0,0
201700,0,0,0,1,0,0,0,0
201702,1,1,0,1,0,0,0,0
201724,0,0,0,1,0,0,0,0
201725,0,1,0,1,0,0,0,0
201726,0,0,1,1,0,0,1,0
201727,0,0,1,0,0,0,1,0
201729,0,0,0,1,0,0,0,0
201045,1,1,1,0,0,0,1,0
201312,0,0,1,0,0,0,0,0
201314,1,1,1,0,0,0,1,0
201317,1,1,1,0,0,0,1,0
201364,1,1,1,0,0,0,1,0
201366,1,1,1,0,0,0,1,0
201370,1,1,1,0,0,0,1,0
201390,0,1,0,1,0,0,0,0
201392,1,1,1,0,0,0,1,0
201394,0,0,1,0,0,0,0,0
201395,1,1,1,0,0,0,0,0
201396,0,1,1,0,0,0,1,0
201397,0,1,0,0,1,0,0,0
201398,0,1,1,0,0,0,1,0
201399,0,1,0,0,1,0,0,0
201400,1,1,1,0,0,0,1,0
201403,0,0,0,0,0,1,0,0
201415,0,0,1,0,0,1,0,1
201420,0,0,0,1,0,0,0,0
201424,0,1,0,1,0,0,0,0
201393,1,1,1,0,0,0,1,0
201401,0,0,0,0,0,0,0,1
201542,0,0,1,0,0,1,1,0
201546,0,1,0,1,0,1,0,0
201551,0,0,0,1,0,0,0,0
201553,1,1,1,0,0,0,0,0
200320,0,0,0,0,0,1,0,1
201133,1,0,1,0,0,1,0,0
201195,1,1,1,0,0,0,1,0
201196,1,1,1,0,0,0,1,0
201197,1,1,1,0,0,0,1,0
201210,0,0,1,0,0,0,1,0
201211,0,1,0,1,0,0,0,0
201215,0,0,0,1,0,1,0,0
201225,1,1,1,0,0,0,0,1
201235,1,1,1,0,0,0,1,0
201227,0,1,1,0,0,1,0,0
201230,1,1,1,0,0,0,1,0
201250,0,1,0,0,1,0,0,0
201251,1,1,1,0,0,0,1,0
201261,0,0,0,0,0,0,0,0
201263,1,1,1,0,0,0,1,0
201267,0,0,0,1,0,1,0,0
201274,0,0,0,0,0,1,0,0
201285,0,0,0,0,0,1,0,1
200986,0,0,0,0,0,1,1,0
200989,0,1,1,0,0,1,1,1
200998,0,1,1,0,0,0,1,0
200999,0,1,1,0,0,0,0,0
201006,1,1,1,0,0,0,1,0
201017,1,0,1,0,0,1,0,0
201020,0,0,0,0,0,1,0,1
201022,0,1,0,1,0,0,0,0
201024,0,0,0,0,0,0,0,0
201026,0,0,0,0,0,1,0,0
201013,0,1,0,0,0,1,1,0
201012,0,1,1,0,0,0,0,0
201040,1,1,1,0,0,0,1,0
201041,1,1,1,0,0,0,1,0
201049,1,0,1,0,0,0,1,0
201076,0,0,0,0,0,1,0,1
201080,0,0,0,0,0,1,0,1
200791,0,0,1,0,1,0,0,0
200794,0,0,0,0,0,1,0,0
200798,1,1,1,0,0,0,1,0
200797,1,1,1,0,0,0,1,0
200796,0,0,1,0,0,0,0,0
200795,1,0,1,0,0,0,0,0
201095,1,1,0,1,0,0,0,0
201096,1,1,0,1,0,0,0,0
201097,0,0,0,1,0,1,0,0
201101,1,1,0,1,0,0,0,0
201102,1,1,1,0,0,0,1,1
201110,1,0,1,0,0,1,0,0
201121,0,1,1,0,0,0,1,0
201124,1,1,1,0,0,0,1,0
201125,1,1,1,0,0,0,1,0
201126,1,1,1,0,0,0,1,0
201127,0,0,0,0,0,1,0,1
200766,0,0,0,1,0,0,1,0
200768,0,0,0,0,0,0,0,0
200562,1,0,1,0,0,0,1,0
200563,0,0,1,0,0,1,1,0
200899,1,0,1,0,0,0,1,0
200771,1,0,1,0,0,0,1,0
200772,0,1,1,0,0,1,0,0
200786,1,0,1,0,0,0,1,0
200813,1,1,1,0,0,0,1,0
200826,1,1,1,0,0,0,1,0
200844,0,1,1,0,0,0,0,0
200847,1,1,1,0,0,0,0,0
200873,0,0,0,1,0,1,0,0
200875,1,0,1,0,0,0,1,0
200876,1,0,1,0,0,1,1,0
200885,1,0,1,0,0,1,0,0
200895,1,1,1,0,0,0,1,1
200907,0,1,1,0,0,0,1,0
200908,0,0,1,0,0,0,1,0
200909,0,0,0,0,0,1,1,0
200911,1,1,1,0,0,0,0,0
200912,1,0,0,0,0,1,0,0
200917,1,1,1,0,0,0,1,1
200918,0,1,1,0,1,0,0,0
200919,1,1,1,0,0,0,1,0
200920,1,1,1,0,0,0,1,0
200921,0,1,1,0,0,0,0,0
200922,0,1,1,0,0,0,0,0
200923,1,1,1,0,0,0,1,0
200924,1,1,1,0,0,0,1,0
200925,0,0,1,0,0,0,1,0
200926,1,1,1,0,0,0,1,0
200936,0,0,1,0,0,0,0,0
200937,0,0,1,0,0,0,1,0
200938,0,0,1,0,0,0,0,0
200939,0,0,0,0,0,0,0,0
200943,0,1,1,0,0,1,1,0
200944,1,1,1,0,0,0,1,0
200942,1,1,1,0,0,0,1,0
200945,0,1,1,0,0,0,1,0
200946,1,1,1,0,0,0,1,0
200947,0,1,1,0,0,0,0,0
200948,1,1,1,0,0,0,0,0
200949,0,0,1,0,0,0,1,0
200950,0,0,1,0,0,0,1,0
200956,1,1,1,0,0,0,0,1
200968,1,1,0,1,0,0,0,0
200970,1,0,0,1,0,1,0,0
200981,0,0,1,0,0,0,1,0
200982,1,1,1,0,0,0,0,1
200983,0,0,1,0,0,0,1,0
200257,1,1,1,0,0,0,1,0
200276,1,0,1,0,0,1,1,0
200279,0,1,1,0,0,0,0,0
200280,0,0,1,0,0,0,0,0
200204,0,0,0,0,0,1,0,0
199749,1,1,1,0,0,0,0,0
200231,0,0,0,1,0,0,0,0
200255,0,0,1,0,0,1,0,1
200277,1,1,1,0,0,0,0,0
200282,1,1,1,0,0,0,1,0
200306,1,1,1,0,0,0,1,0
200409,0,1,1,0,0,0,1,0
200405,1,0,1,0,0,0,1,0
200314,0,0,0,0,0,1,0,1
200367,1,1,1,0,0,0,1,0
200380,1,0,1,0,0,0,1,0
200382,1,0,1,0,0,0,1,0
200396,1,0,1,0,0,0,1,0
200400,0,0,0,0,0,1,1,0
200401,1,1,1,0,1,1,0,0
200404,1,0,1,0,0,0,1,0
200411,1,0,1,0,0,0,1,0
200415,0,1,1,0,0,0,0,0
200416,1,0,0,1,0,1,0,0
200433,0,1,0,1,0,0,0,0
200434,0,0,0,1,0,0,0,0
200437,1,0,1,0,0,0,1,0
200452,1,0,1,0,0,0,1,0
200490,1,1,1,0,0,0,1,0
200610,0,1,0,1,0,0,1,0
200611,0,0,0,1,0,0,0,0
200612,1,1,1,1,0,0,1,0
200613,0,1,0,1,0,0,0,0
200615,1,1,1,1,0,0,0,0
200616,1,1,1,0,0,0,0,0
200617,0,0,0,1,0,0,0,0
200618,0,1,0,1,0,0,0,0
200619,0,0,0,1,0,0,0,0
200620,0,0,0,1,0,0,0,0
200622,0,0,0,0,0,0,0,0
200623,0,0,0,1,0,0,0,0
200624,0,1,0,1,0,1,0,0
200625,0,0,0,1,0,0,0,0
200627,1,1,1,0,0,0,1,0
200628,1,1,1,0,0,0,1,0
200630,0,1,0,1,0,0,0,0
200632,1,1,0,1,0,0,0,0
200633,1,1,0,1,0,0,0,0
200634,0,1,0,1,0,0,0,0
200641,1,0,1,0,0,0,1,0
200677,1,0,1,0,0,1,0,1
200684,1,0,1,1,0,1,0,0
200714,0,0,0,0,0,0,0,0
200764,0,0,1,0,1,0,0,0
200236,0,0,0,0,0,1,0,1
200238,1,1,1,0,0,0,1,0
200240,0,1,1,0,0,1,1,0
200239,0,1,1,0,0,0,1,0
200242,1,0,1,0,0,0,0,0
200247,1,1,1,1,0,0,0,0
200230,1,0,1,0,0,1,0,0
200253,0,0,1,0,0,0,1,0
200259,1,1,1,0,0,0,0,0
200260,1,1,1,0,0,1,1,0
200261,1,1,1,0,0,1,1,0
200262,1,1,1,0,0,0,1,0
200263,0,0,0,0,0,1,0,1
200264,0,0,1,0,0,0,0,0
200266,0,0,1,0,0,0,0,0
200268,0,0,1,0,0,0,1,0
200271,1,1,1,0,0,0,1,0
200272,1,1,1,1,0,0,1,0
200273,1,1,1,0,0,0,1,1
200274,0,0,1,0,0,0,0,0
200275,0,0,1,0,0,0,1,0
200278,1,1,1,0,0,0,1,0
200308,1,1,1,0,0,0,0,0
200319,0,0,0,0,0,0,0,0
197893,1,1,1,0,0,0,0,0
197871,1,1,1,0,0,0,1,1
200330,1,1,1,0,0,0,1,0
200334,1,1,1,0,0,0,1,0
200336,0,0,0,0,0,1,0,0
200341,0,1,1,0,0,1,0,1
200344,1,1,1,0,0,0,1,0
200345,1,1,1,0,0,0,1,0
200364,0,1,1,0,0,1,1,0
200465,0,0,1,0,0,0,1,0
200469,1,1,1,0,0,0,0,1
200476,1,0,0,0,0,0,0,0
200481,0,0,0,0,0,0,0,0
200482,0,0,0,1,0,0,0,0
200487,1,0,1,0,0,0,0,0
200494,0,0,1,0,0,0,0,0
200495,0,0,1,0,0,0,1,0
200496,0,0,1,1,0,0,1,0
200497,0,1,1,0,0,1,0,0
200514,0,1,1,0,0,1,1,0
200429,1,1,1,0,0,0,1,0
200547,1,1,1,0,0,0,0,0
200548,1,1,1,0,0,1,1,0
200549,0,1,1,0,0,1,0,0
200552,1,1,1,0,0,0,1,0
200554,1,0,0,0,0,0,0,0
201062,1,1,1,0,0,0,1,0
200572,0,1,1,0,0,1,0,1
200576,1,0,0,0,0,1,0,0
200577,0,0,0,0,0,0,0,0
200578,1,1,1,0,0,0,0,0
200650,0,0,0,0,0,0,0,0
200653,0,1,0,1,0,0,0,0
200655,0,1,1,0,0,1,1,0
200669,1,1,1,0,0,0,1,0
200678,1,1,1,0,0,0,1,0
200682,1,1,1,0,0,0,1,0
200685,0,0,1,0,0,0,1,0
200686,1,1,1,0,0,0,1,0
200687,1,0,1,0,0,0,1,0
200690,1,1,1,0,0,0,1,0
200696,1,1,1,0,0,0,1,0
200763,1,0,0,0,0,1,1,0
200697,1,1,1,0,0,0,0,0
200698,1,1,1,0,0,0,1,1
200333,0,0,0,0,1,0,0,0
200719,1,1,1,0,0,0,1,0
200720,1,1,0,0,0,0,0,1
200731,0,1,1,0,0,0,0,0
200734,0,0,1,0,0,0,1,0
200735,0,1,1,0,0,1,0,0
200738,1,0,1,0,0,0,1,0
200750,0,0,1,1,0,0,1,0
200753,1,1,1,0,0,0,1,0
199879,0,0,1,0,0,0,0,0
199734,0,0,0,0,0,0,0,0
199831,1,0,1,0,0,0,0,0
199745,1,1,1,0,0,0,1,0
199743,1,1,1,0,0,0,1,0
199735,1,1,1,0,0,0,1,0
199742,1,0,1,0,0,0,0,0
199738,1,1,1,0,0,0,1,0
199744,1,1,1,0,0,0,0,0
199741,0,0,1,0,0,0,0,0
199739,1,1,1,0,0,0,0,0
199736,0,0,1,0,0,0,0,0
199737,1,1,1,0,0,0,1,0
199740,1,1,1,0,0,0,1,0
199894,0,0,1,0,0,0,1,0
199899,1,1,1,0,0,0,1,0
199881,1,1,1,0,0,0,1,0
199933,0,0,0,0,0,1,0,1
199934,0,1,1,0,0,0,1,0
199935,0,0,1,0,0,0,0,0
199944,0,1,1,0,0,0,1,0
199951,0,0,0,0,0,1,0,0
199949,0,0,0,0,0,1,1,0
199984,0,1,1,0,0,1,1,0
199990,0,0,0,0,0,0,0,1
199991,1,1,1,0,0,0,1,0
199993,1,1,1,0,0,0,1,0
200003,0,0,0,0,0,0,0,0
200007,1,1,1,0,0,0,1,0
200046,1,0,1,0,0,1,0,0
200055,1,0,1,0,0,1,1,0
200057,0,0,1,0,0,1,0,0
200059,0,0,1,0,0,0,0,0
200062,1,0,1,0,0,0,1,0
200063,0,0,1,0,0,0,1,0
200065,0,0,0,0,0,1,0,0
200070,0,0,0,0,0,1,0,0
200071,0,1,1,0,0,0,1,0
200073,0,1,0,0,1,0,0,0
200076,0,0,0,0,0,1,0,0
200094,0,0,0,1,0,1,0,0
200095,1,1,1,0,0,0,1,0
200096,0,0,0,0,0,1,1,0
200098,0,0,1,1,0,0,1,0
200099,0,0,0,1,0,1,0,0
200100,0,1,1,0,0,0,1,0
200101,0,1,0,1,0,0,0,0
200102,0,1,1,0,0,1,0,0
200120,0,1,1,0,1,0,0,0
200104,0,0,0,0,0,0,1,0
200105,0,1,1,0,0,0,1,0
200114,1,0,1,0,0,0,1,0
200116,1,1,1,0,0,0,0,0
200122,0,1,1,0,0,0,1,0
200123,1,1,1,0,0,0,0,0
200124,1,1,1,0,0,0,1,0
200134,1,1,1,0,0,1,0,0
200139,0,0,1,0,0,0,0,0
200141,1,1,1,0,0,0,0,0
200142,0,1,1,0,0,1,1,0
200143,1,0,1,0,0,0,1,0
200144,0,1,1,0,0,0,0,1
200165,1,1,1,0,0,0,1,0
200166,1,1,0,1,0,0,0,0
200173,0,0,0,0,0,1,0,0
200179,0,0,1,0,0,0,1,0
200182,0,0,0,0,0,1,0,1
200184,0,1,0,1,0,1,0,0
200185,0,0,1,1,0,0,1,0
200186,0,1,0,1,0,0,0,0
200187,0,1,0,1,0,0,0,0
200145,0,0,0,0,0,1,0,0
199746,1,1,1,0,0,0,0,0
199682,0,0,0,0,0,1,0,0
199684,0,0,0,0,0,1,0,0
199686,1,0,1,0,0,1,0,0
199626,0,0,0,0,0,1,0,0
199688,0,0,0,1,0,0,0,0
199698,1,1,1,0,0,1,1,0
199704,0,0,0,0,0,0,0,0
199711,1,1,1,0,0,0,0,0
199712,0,0,0,1,0,0,0,0
199716,1,0,1,0,0,0,0,0
199717,0,1,1,0,0,0,1,0
199718,1,1,1,0,0,0,1,0
199720,0,0,1,0,0,0,0,0
199721,1,1,1,0,0,0,1,0
199722,0,1,1,0,0,0,0,0
199725,0,0,1,0,0,1,1,0
199728,1,0,1,0,0,1,0,0
199729,1,1,1,0,0,0,1,1
199733,0,0,1,0,0,0,1,0
199748,0,1,0,0,0,0,0,0
199751,0,0,0,0,0,0,0,1
199755,1,1,1,0,0,0,0,0
199757,1,1,1,0,0,0,1,0
199758,0,1,0,1,0,0,0,0
199759,0,1,1,0,0,0,1,0
199765,1,0,1,0,0,0,0,0
199768,0,0,1,0,0,1,1,1
199774,0,0,0,0,0,1,1,0
199857,0,0,1,0,0,0,1,0
199780,1,1,1,1,0,0,1,0
199781,1,1,1,0,0,0,1,1
199782,0,0,0,0,0,1,1,0
199791,1,0,1,0,0,0,0,0
199804,1,1,0,1,0,0,0,0
199810,0,1,1,0,0,1,0,0
199813,1,1,1,0,0,0,1,0
199760,1,1,0,1,0,0,0,0
199822,1,1,1,1,0,0,1,0
199826,0,1,1,0,0,0,1,0
199828,0,0,0,0,0,1,0,1
199842,0,0,0,0,0,1,1,0
199845,1,0,1,0,0,0,1,0
199849,1,1,1,0,0,0,1,0
199850,1,1,1,1,0,0,0,0
199851,1,1,1,0,0,0,1,0
199852,0,1,1,0,0,0,1,0
199853,1,0,1,0,0,0,1,0
199854,1,0,1,0,0,0,1,0
199856,0,0,1,0,1,1,0,1
199783,0,0,1,0,0,0,1,0
199858,1,1,1,0,0,1,0,0
199870,0,0,1,0,0,0,0,0
198286,0,0,0,0,0,1,1,0
198537,1,1,1,0,0,0,1,0
198538,1,1,1,0,0,0,1,0
199246,1,1,0,1,0,0,0,0
199593,1,1,1,0,0,0,0,0
199612,1,1,1,0,0,0,1,0
239898,0,0,1,0,0,0,0,0
199619,0,0,0,0,0,0,0,0
199622,0,0,0,0,0,1,0,1
199625,0,1,1,0,0,0,1,0
199628,0,1,0,1,0,0,0,0
199643,1,1,1,0,0,0,0,0
199644,0,1,1,0,0,0,1,0
199645,1,1,1,0,0,0,1,0
199646,1,1,1,0,0,0,0,0
199642,1,1,1,0,0,0,1,0
199653,1,0,1,0,0,0,0,0
199664,1,0,1,0,0,0,1,0
199669,1,1,1,0,0,0,1,0
199670,0,0,0,0,0,1,0,1
199673,0,0,0,0,0,1,1,0
199675,0,0,1,1,0,0,1,0
199492,1,1,1,0,0,0,1,0
199514,1,1,1,1,0,0,1,0
199519,0,1,1,0,0,1,0,0
199525,0,0,0,0,0,0,0,0
199527,1,0,1,0,0,0,1,0
199324,0,0,0,0,0,1,0,0
199542,1,1,1,1,0,0,1,0
199556,0,0,0,0,0,1,0,0
199558,1,1,1,0,0,0,1,0
199252,1,0,1,0,0,0,0,0
199432,1,1,1,0,0,0,1,0
199560,0,0,0,0,0,1,0,0
199561,0,0,0,0,0,0,0,0
199564,1,1,1,0,0,0,1,0
199575,0,1,0,1,0,0,0,0
199582,1,1,1,0,0,0,1,0
199587,0,1,0,1,0,0,0,0
199588,1,1,1,1,0,0,1,0
199338,0,1,0,1,0,0,1,0
199339,0,1,0,1,0,0,0,0
199346,1,1,1,0,0,0,1,1
199352,1,1,1,0,0,0,1,0
199354,0,0,1,0,0,0,1,0
199355,0,1,1,0,0,0,1,0
199356,1,1,1,0,0,0,1,1
199357,1,1,1,0,0,0,1,0
199358,0,0,0,0,0,0,0,0
199361,1,1,1,1,0,0,1,0
199362,0,0,0,1,0,0,0,0
199374,0,0,0,0,0,0,0,0
199364,0,0,0,0,0,1,0,1
199373,1,0,1,0,0,1,0,0
199375,0,0,0,1,0,0,0,0
199379,0,1,0,1,0,0,0,0
199386,0,1,1,0,0,1,1,0
199394,1,0,1,0,0,0,0,0
199382,1,0,1,0,0,1,0,0
199396,1,1,1,0,0,0,0,0
199397,0,1,1,0,0,0,0,0
199399,0,0,0,0,1,0,0,0
199409,1,1,1,1,0,0,1,0
199421,0,0,0,0,0,1,1,0
199422,0,0,1,0,0,0,0,0
199423,0,1,1,0,0,0,1,0
199424,0,1,0,1,0,0,0,0
199427,0,1,0,1,0,0,0,0
199429,1,1,1,0,0,0,1,0
199436,1,1,1,0,0,0,1,0
199437,1,1,1,0,0,0,0,0
199445,0,1,0,0,0,1,1,0
199451,0,0,0,0,0,0,0,0
199452,1,1,1,0,0,0,1,0
199464,0,0,0,1,0,0,0,0
199465,1,1,1,0,0,0,1,0
199467,1,1,1,0,0,0,1,0
199471,1,1,1,0,0,0,0,0
199475,1,1,1,0,0,0,1,0
199482,1,1,1,0,0,0,1,0
198789,1,1,1,0,0,0,1,0
198790,1,1,1,0,0,0,0,1
198791,1,0,1,0,0,0,0,0
199065,0,0,1,0,0,0,1,0
199068,1,0,1,0,0,1,0,0
199072,1,1,1,0,0,0,1,1
199073,1,0,0,0,0,0,0,0
199074,1,1,1,1,0,0,1,0
199075,1,1,1,0,0,0,1,0
199087,1,1,1,0,0,0,1,1
199092,0,0,1,0,0,1,1,1
199093,1,0,1,0,0,1,0,0
199104,1,0,1,0,0,0,1,1
199106,0,0,0,0,0,1,1,0
199117,1,0,1,0,0,0,0,0
199144,0,0,0,0,0,0,0,0
199145,1,1,1,0,0,0,1,0
199146,0,0,1,0,0,0,1,0
199148,0,1,1,0,0,1,1,1
199150,1,1,1,0,0,0,1,0
199152,0,1,0,1,0,0,0,0
199153,1,1,1,0,0,0,1,0
199156,1,1,1,0,0,0,0,0
199157,1,0,1,0,0,0,0,0
199176,1,1,1,0,0,0,1,0
199189,0,1,0,1,0,0,1,0
199193,0,0,1,0,0,0,0,0
199204,0,0,0,1,0,1,0,0
199221,1,1,1,0,0,0,0,0
199222,0,0,0,1,0,0,0,0
199224,0,1,1,0,0,0,0,0
199229,0,0,0,1,0,0,0,0
199236,0,0,1,0,0,1,0,0
199237,0,0,0,0,0,0,0,0
199243,0,1,0,1,0,0,1,0
199247,0,0,0,1,0,0,0,0
199248,0,0,0,1,0,1,0,0
199250,1,1,1,0,0,0,1,0
199264,0,1,1,0,0,1,1,0
199268,0,0,1,0,0,1,1,0
199290,1,1,1,0,0,0,1,0
199291,1,1,1,0,0,0,1,0
199317,1,1,1,0,0,0,1,0
199325,1,1,1,0,0,0,0,0
199327,1,1,1,0,0,0,1,0
199329,1,1,1,0,0,0,1,0
199330,1,1,1,0,0,0,1,0
199333,1,1,1,0,0,0,1,0
198807,0,0,0,0,0,1,0,0
198812,1,1,1,0,0,0,1,0
198813,1,1,1,0,0,0,1,0
198816,0,1,0,0,0,0,0,0
198822,1,1,1,0,0,0,1,0
198826,0,1,0,1,0,0,0,0
198828,0,0,0,1,0,0,0,0
198837,1,1,1,0,0,0,0,0
198839,0,0,1,0,0,0,0,1
198842,0,0,0,0,0,0,0,0
198849,0,0,1,0,0,0,0,0
198850,1,1,1,0,0,0,0,0
198851,1,1,1,0,0,0,1,0
198852,0,1,1,0,0,1,1,0
198853,1,1,1,0,0,0,1,1
198856,0,1,1,0,0,0,0,0
198858,0,1,0,1,0,0,0,0
198860,1,0,1,0,0,0,1,1
198866,1,1,1,0,0,0,0,0
198867,0,1,0,1,0,0,0,0
198868,1,1,1,1,0,0,0,0
198869,1,1,1,1,0,0,1,0
198874,0,0,1,0,0,0,1,0
198879,1,1,1,0,0,0,1,1
198886,0,1,0,1,0,0,0,0
198887,1,1,1,0,0,0,1,0
198888,1,1,1,0,0,0,1,1
198889,0,0,0,0,0,1,0,0
198890,1,1,1,0,0,0,1,0
198891,1,1,0,1,0,0,0,0
198892,1,1,1,1,0,0,0,0
198893,1,1,1,0,0,0,1,0
198894,1,1,0,1,0,0,0,0
198895,0,1,0,1,0,0,0,0
198896,0,0,0,0,0,1,0,0
198916,1,1,1,0,0,0,1,0
198917,1,1,1,0,0,0,0,0
198918,0,0,0,0,0,0,0,0
198919,0,1,1,0,0,0,1,0
198920,1,1,1,0,0,0,1,1
198921,0,0,1,0,0,0,1,0
198922,0,1,1,0,0,0,1,0
198925,1,1,0,0,0,0,0,1
198936,0,0,0,0,0,1,0,1
198955,0,1,1,0,0,0,1,0
198960,0,0,0,0,0,1,0,1
198963,0,0,0,0,0,1,0,1
198971,0,1,0,0,0,0,0,0
198973,0,0,1,0,0,0,1,0
198987,1,1,1,0,0,0,1,0
198988,1,0,1,0,0,0,1,0
198989,1,1,1,1,0,0,1,0
198990,0,1,0,1,0,0,0,0
198991,0,1,0,1,0,0,0,0
198992,0,0,0,1,0,0,0,0
198993,1,1,1,1,0,0,0,0
198994,1,1,0,1,0,0,0,0
199007,0,0,1,0,0,0,1,0
199005,0,0,0,1,0,0,0,0
199016,1,0,1,0,0,1,1,0
199018,0,1,1,0,0,0,1,0
199033,0,1,1,0,0,1,0,1
199049,1,0,1,0,0,1,0,0
199057,0,0,0,1,0,1,0,0
199060,0,0,1,0,0,0,1,0
199010,1,1,1,0,0,0,0,0
199062,0,0,0,0,0,1,0,0
198597,1,0,1,0,0,0,1,0
198599,1,1,1,0,0,0,0,0
198353,0,0,0,0,0,0,0,0
198601,1,1,1,0,0,0,1,0
198602,0,1,0,1,0,0,0,0
198610,1,0,1,0,0,0,1,0
198611,0,1,1,0,0,0,0,0
198615,0,0,1,0,0,1,1,0
198618,1,1,1,0,0,0,1,0
198620,1,1,1,0,0,1,1,0
198621,1,1,1,0,0,0,1,0
198622,0,0,0,0,0,1,0,1
198635,0,0,0,0,0,1,0,0
198630,1,0,1,0,0,0,0,0
198636,0,0,0,0,0,0,0,1
198638,1,1,1,0,0,0,0,0
198643,1,1,1,0,0,0,1,1
198644,0,1,1,0,0,1,1,0
198647,0,0,1,0,0,1,0,0
198657,1,0,1,0,0,1,1,0
198658,0,0,0,1,0,0,0,0
198666,0,0,0,1,0,0,0,0
198671,0,0,0,0,0,0,0,0
198678,0,0,1,0,0,1,1,0
198686,0,0,0,0,0,1,0,0
198687,1,1,1,0,0,0,1,0
198688,1,1,1,0,0,0,1,0
198689,1,1,1,0,0,0,1,0
198690,1,1,1,0,0,0,0,1
198691,0,0,0,0,0,1,0,0
198692,1,1,1,0,0,0,1,0
198698,1,1,1,0,0,0,1,0
198699,1,1,1,0,0,0,1,0
198701,0,1,0,0,1,0,0,0
198707,1,1,1,0,0,0,1,0
198708,0,1,1,0,0,1,0,1
198711,0,0,0,0,1,0,0,0
198712,0,0,0,0,1,0,0,0
198732,0,0,1,0,0,0,1,1
198735,1,1,0,1,0,0,0,0
198737,1,1,1,1,0,0,1,0
198738,1,1,1,1,0,0,1,0
198739,0,0,0,1,0,0,0,0
198742,0,0,0,1,0,0,0,0
198744,0,0,0,1,0,0,0,0
198748,0,0,0,0,0,0,0,0
198750,0,1,0,1,0,1,0,0
198763,1,1,1,0,0,0,1,0
198757,1,1,1,0,0,0,0,1
198765,1,1,1,0,0,0,0,0
198772,0,1,1,0,0,0,1,0
198773,1,1,1,0,0,0,0,1
198774,1,1,1,0,0,0,0,0
198767,1,1,1,0,0,0,0,0
198768,0,1,1,0,0,1,1,0
198769,0,0,1,0,0,1,1,1
198770,0,1,1,0,0,0,1,0
198771,0,1,1,0,0,1,1,0
198778,0,0,0,1,0,1,0,0
198783,0,1,1,0,0,1,1,0
198795,1,1,1,0,0,0,1,0
198796,0,0,1,0,0,0,1,0
198801,0,0,0,0,0,1,0,0
198805,0,0,0,0,0,1,0,0
198787,1,1,1,0,0,0,1,0
198804,1,1,1,0,0,0,1,0
198450,1,1,1,0,0,0,1,0
198451,1,1,1,0,0,0,1,0
198457,0,1,0,1,0,0,0,0
198470,1,1,1,0,0,0,1,0
198471,1,0,1,0,0,1,0,0
198474,0,1,0,1,0,0,1,0
198476,0,1,1,0,0,0,1,0
198477,1,1,1,0,0,0,0,0
198481,1,1,1,1,0,0,1,0
198482,1,1,1,1,0,0,0,0
198485,1,1,1,0,0,0,1,0
198487,0,0,0,0,0,0,0,0
198495,0,1,1,0,0,1,0,1
198496,0,0,1,0,0,0,0,0
198502,0,0,0,1,0,0,0,0
198506,0,0,1,0,0,1,0,0
198509,1,1,1,0,0,0,0,1
198510,0,0,1,0,0,0,0,0
198513,0,0,0,0,0,1,0,0
198402,0,0,0,0,0,0,0,0
198523,0,1,0,1,0,0,0,0
198526,1,1,1,0,0,0,1,0
198534,1,0,1,0,0,0,1,0
198547,0,0,0,0,0,1,0,0
198492,1,1,1,0,0,0,1,0
198550,1,0,1,0,0,0,1,0
198554,0,0,1,0,0,0,1,0
198549,1,0,1,0,0,0,0,0
198576,0,0,1,1,0,0,1,0
198478,1,0,1,0,0,0,0,0
198577,1,1,1,0,0,0,1,0
198581,1,0,1,0,0,0,1,0
198589,1,1,1,0,0,1,0,0
198256,0,1,1,0,0,0,1,0
198257,0,1,1,0,0,0,1,0
198267,1,1,1,0,0,1,1,0
198269,0,0,1,0,0,0,0,0
198271,1,1,1,0,0,0,1,0
198277,0,1,0,1,0,1,0,0
198282,1,1,0,1,0,0,0,0
198293,0,0,0,0,0,1,0,0
198302,0,0,0,0,0,1,0,0
198303,0,1,1,0,0,0,1,0
198304,0,1,0,1,0,0,0,0
198305,0,1,0,1,0,0,0,0
198306,0,1,0,1,0,0,0,0
198297,1,1,1,0,0,0,1,0
198310,0,1,0,1,0,0,0,0
198315,1,1,1,0,0,0,1,0
198318,0,0,0,0,0,1,1,0
198300,1,1,1,0,0,0,0,0
198298,1,1,1,0,0,0,0,1
198339,0,1,0,1,0,1,0,0
198341,1,1,0,1,0,0,0,0
198342,0,0,0,0,0,0,0,1
198331,1,1,1,0,0,0,1,0
198365,1,1,1,0,0,0,1,0
198366,1,1,1,0,0,0,1,0
198367,1,1,1,0,0,0,1,0
198386,0,0,0,0,0,1,0,0
198388,0,1,1,0,0,0,1,0
198401,1,1,1,0,0,0,0,0
198405,1,1,1,0,0,0,1,0
197869,0,0,0,0,0,1,0,0
197872,1,1,1,0,0,0,1,0
197875,1,1,1,0,0,0,1,0
196630,1,1,1,1,0,0,1,0
197892,0,1,0,1,0,0,0,0
197895,0,0,0,0,0,0,0,0
197857,0,0,0,1,0,1,0,0
197897,0,1,0,1,0,0,0,0
197901,0,0,0,0,0,1,0,1
197569,1,0,1,0,0,0,0,1
197908,0,0,0,0,0,1,0,0
197913,0,0,0,0,0,0,0,0
197949,1,1,1,0,0,0,1,0
197962,1,1,0,0,0,1,0,0
197970,1,1,1,0,0,0,1,0
198001,1,0,1,0,0,0,0,0
198004,1,1,1,1,0,0,1,0
198006,1,1,1,0,0,0,1,0
198010,1,1,1,1,0,0,1,0
198013,1,1,1,1,0,0,1,0
198015,0,0,0,0,0,0,0,0
198016,0,1,1,0,0,0,0,0
198017,1,1,1,0,0,0,1,0
198018,1,1,1,0,0,0,1,0
198021,0,0,0,0,0,0,0,1
198022,1,1,1,0,0,0,1,0
198023,0,1,1,0,0,0,1,0
198039,1,1,1,0,0,0,1,0
198040,1,1,1,0,0,0,1,0
198054,1,0,1,0,0,0,1,0
198076,0,0,1,0,0,0,1,0
198079,0,0,0,0,0,0,0,0
198081,1,1,0,0,0,0,0,1
198086,0,0,0,0,0,1,0,1
198088,1,1,1,0,0,0,1,0
198089,0,1,1,0,0,1,1,0
198091,1,1,1,1,0,0,1,0
198092,1,1,0,1,0,0,0,0
198093,0,1,0,1,0,0,0,0
198094,1,0,1,0,0,1,0,1
196172,1,1,0,1,0,0,0,0
198098,0,0,0,0,0,0,0,0
198101,0,0,0,1,0,0,0,0
198058,0,0,1,0,0,0,0,0
198060,1,0,1,0,0,0,0,1
198062,1,0,1,0,0,0,1,1
198061,1,0,1,0,0,0,0,0
198057,0,0,0,0,0,0,0,0
198120,1,1,1,0,0,0,1,0
198127,1,1,1,0,0,0,1,0
198128,1,1,1,0,0,0,1,0
198130,1,1,1,0,0,0,1,0
198141,0,1,1,0,0,0,0,0
198146,1,1,0,1,0,0,0,0
198114,1,0,1,0,0,0,0,0
198147,1,1,0,1,0,0,0,0
198178,1,1,1,0,0,0,1,0
198204,1,1,1,1,0,0,1,0
198209,1,1,1,1,0,0,1,0
198105,0,0,0,0,0,0,0,0
198217,0,1,0,0,0,1,1,0
198221,1,0,1,0,0,0,0,0
198222,0,0,0,0,0,0,0,0
198170,0,0,0,0,0,1,0,0
198230,0,1,0,0,1,0,0,0
198232,1,1,1,0,0,0,0,0
197856,0,1,1,1,0,0,0,0
198238,0,1,1,0,0,1,1,0
198241,0,1,1,0,0,1,1,0
198242,1,1,1,0,0,0,1,1
198244,0,0,0,0,0,1,0,1
198246,0,0,0,0,0,1,1,0
198249,0,0,1,0,0,1,1,0
197304,1,1,1,0,0,0,1,0
197310,1,1,1,0,0,0,1,0
197312,1,1,1,0,0,0,1,0
197313,1,1,1,0,0,0,1,0
197333,0,0,0,0,0,1,0,0
197352,0,1,1,0,0,1,1,0
197663,1,1,1,0,0,0,1,0
197417,1,1,1,0,0,0,1,0
197418,0,1,1,0,0,0,1,0
197420,0,0,1,0,0,1,1,1
197432,1,1,1,0,0,0,1,0
198560,0,0,1,0,0,0,0,0
197441,0,0,1,0,0,1,1,0
197445,0,1,0,0,0,0,0,0
197457,0,1,1,0,0,1,0,1
197520,0,1,0,0,0,0,0,0
197527,0,0,1,0,0,0,1,0
197559,0,0,1,0,0,0,1,0
197567,0,0,0,0,0,1,0,1
197568,0,0,1,0,0,1,0,0
197570,0,0,0,0,0,1,0,0
197571,1,1,1,0,0,0,1,0
197573,1,1,1,0,0,0,1,1
197577,1,0,1,0,0,0,1,0
197586,0,0,1,0,0,1,1,0
197552,0,0,0,0,0,1,0,0
197628,0,0,0,0,0,1,0,0
197636,1,1,1,0,0,0,1,0
197637,1,1,1,0,0,0,0,0
197638,1,1,1,0,0,1,1,0
197639,0,1,1,0,1,0,0,0
197640,1,1,0,1,0,0,0,0
198561,0,0,1,0,0,0,0,0
197644,1,1,1,0,0,0,1,0
197655,1,0,1,0,0,0,0,0
197662,0,0,0,0,0,1,0,0
197667,0,0,0,0,1,0,0,0
197668,1,1,1,0,0,0,1,0
197724,0,0,0,0,0,1,0,1
197728,0,0,0,1,0,1,0,0
197730,0,0,1,0,0,1,0,0
197747,1,1,1,0,0,0,1,0
197761,1,1,1,0,0,0,1,0
197769,0,0,0,0,0,0,0,0
197767,1,1,1,0,0,0,1,0
197822,1,1,1,0,0,1,1,0
197779,1,1,1,0,0,0,1,0
197780,1,1,0,1,0,0,0,0
197860,1,0,1,0,0,0,0,0
197393,1,1,1,0,0,0,1,0
197450,0,1,0,0,1,0,0,0
197454,1,1,1,0,0,0,1,0
197537,0,0,0,0,0,1,0,0
197556,0,1,1,0,0,0,0,0
197661,1,1,1,0,0,0,1,0
197736,1,1,1,0,0,0,0,1
197811,1,1,1,0,0,0,1,0
197844,0,1,0,1,0,0,0,0
197792,1,1,1,0,0,0,1,0
197755,0,1,1,0,0,1,0,1
197756,1,1,1,0,0,0,1,0
197757,0,1,1,0,0,1,1,0
197789,0,1,0,0,0,0,0,0
197791,0,1,1,0,0,0,1,0
197754,0,1,1,0,0,1,1,0
197425,1,0,1,0,0,0,0,0
197426,1,0,1,0,0,1,0,1
197233,1,1,1,0,0,0,1,0
196849,0,0,0,0,0,1,0,1
196888,1,1,0,1,0,0,0,0
196900,1,1,1,0,0,0,1,0
196902,1,1,1,0,0,0,0,0
196904,1,1,0,1,0,0,0,0
237412,0,0,0,1,0,0,0,0
196933,0,0,1,0,0,1,0,1
196934,0,0,0,1,0,0,0,0
196935,0,0,0,0,0,1,0,0
196936,1,0,1,0,0,1,0,0
196953,0,0,0,0,0,1,0,0
196954,0,1,1,0,0,0,1,0
196985,1,1,0,0,0,0,0,0
196992,0,1,1,0,0,1,1,0
196998,0,0,0,0,0,1,0,1
197033,0,0,1,0,0,0,0,0
197008,0,1,0,1,0,0,0,0
197010,1,1,1,0,0,0,0,0
197052,1,0,1,0,0,0,0,0
197081,0,0,0,1,0,0,0,0
197082,0,1,0,1,0,0,0,0
197103,0,1,1,0,0,1,1,0
197104,1,1,1,0,0,0,1,0
197105,0,1,1,0,0,0,0,0
197112,0,1,1,0,0,1,1,1
197126,0,0,0,0,0,0,0,0
197138,1,1,1,0,0,0,1,0
197147,0,0,0,0,0,0,0,0
197148,0,0,0,0,1,1,0,0
197181,1,1,0,0,0,0,0,0
197183,1,1,1,0,0,0,1,0
197186,0,0,0,0,0,0,0,0
201787,0,0,0,0,0,0,0,0
197197,0,0,0,1,0,0,0,0
197199,0,0,0,1,0,1,0,0
197204,0,0,0,0,0,1,0,0
197170,1,1,1,0,0,0,1,0
197168,0,1,1,0,0,1,1,0
197166,0,0,1,0,0,1,0,0
197174,0,1,1,0,1,0,0,0
197173,0,0,1,0,0,0,0,0
197172,0,0,1,0,0,0,1,0
197169,0,0,1,0,0,0,1,0
197234,0,0,0,0,0,1,0,0
197266,1,1,1,0,0,0,1,0
197267,1,1,1,0,0,0,1,0
197268,0,1,1,0,0,0,1,0
197269,1,1,1,0,0,0,1,0
197270,1,1,1,0,0,0,1,0
197275,0,0,0,0,0,1,1,0
197276,0,0,1,0,0,1,1,0
197278,0,0,0,0,0,1,0,0
197279,0,1,0,0,1,0,0,0
196940,0,1,1,0,0,1,1,0
197006,0,1,0,1,0,0,0,0
197004,0,1,0,1,0,0,0,0
196838,0,0,1,0,0,0,0,0
197201,0,0,0,1,0,1,0,0
197202,0,1,0,1,0,0,0,0
197241,0,1,0,1,0,0,0,0
197162,0,0,1,0,0,0,1,0
197165,1,1,1,0,0,0,1,0
197238,0,0,0,1,0,0,0,0
197242,0,0,0,1,0,0,0,0
194586,1,0,1,0,0,0,1,0
197261,0,1,1,0,0,1,1,0
197262,0,0,1,0,1,0,0,0
197263,1,0,1,0,0,1,0,0
197264,1,1,1,0,0,0,1,0
197281,1,1,0,1,0,0,0,0
197243,0,0,0,0,0,1,0,0
197244,0,1,0,0,0,1,0,0
197245,0,0,0,0,0,1,0,0
197044,1,0,1,0,0,0,0,0
196891,1,1,1,1,0,0,1,0
196895,1,1,1,1,0,0,1,0
196898,0,1,0,1,0,0,0,0
196907,1,1,1,0,0,0,1,0
196909,1,1,0,1,0,0,0,0
196913,0,1,0,1,0,0,0,0
196952,1,1,1,0,0,0,1,0
196958,1,1,1,0,0,0,0,1
197018,0,0,0,1,0,0,0,0
197016,0,1,1,0,0,0,0,0
197154,0,0,0,0,0,1,0,1
197190,0,0,0,0,0,0,0,0
197114,1,1,1,1,0,0,1,0
197224,0,1,1,0,0,1,1,0
197287,1,1,1,1,0,0,1,0
196976,1,1,1,0,0,0,1,0
197109,1,1,1,0,0,0,1,0
197236,0,0,0,0,0,0,0,0
197240,0,0,0,1,0,1,0,0
197247,0,1,0,1,0,0,0,0
196977,1,1,1,0,0,0,1,0
197232,1,1,1,0,0,0,1,0
197283,0,0,0,1,0,1,0,0
197285,0,0,0,1,0,0,0,0
197286,0,0,0,1,0,0,0,0
197248,0,0,0,1,0,1,0,0
194585,0,0,1,0,0,0,0,0
195990,0,0,0,0,0,0,0,0
196813,0,0,0,0,0,1,0,0
196513,1,1,1,0,0,0,1,0
196514,1,1,1,0,0,0,1,0
196516,1,1,1,0,0,0,1,0
196517,1,1,1,0,0,0,1,0
196519,0,0,1,0,0,0,0,0
196520,1,1,1,0,0,0,1,0
196521,1,1,1,0,0,0,1,0
196532,1,1,1,0,0,0,1,0
196536,1,1,1,0,0,0,0,0
196524,0,0,1,0,0,0,0,0
196525,0,1,0,0,0,0,0,0
196533,0,1,1,0,0,0,1,0
196539,0,0,0,0,0,1,0,0
196547,1,1,1,0,0,1,0,0
196554,1,1,1,0,0,0,1,0
196555,1,1,1,0,0,0,0,0
196558,1,1,1,0,0,0,1,0
196561,1,1,1,0,0,0,1,0
196565,1,0,1,0,0,0,1,1
196585,1,1,1,1,0,0,1,0
196591,0,0,1,0,0,0,0,0
196578,0,1,1,0,0,0,0,0
196579,0,1,1,0,0,1,0,0
196581,1,1,1,0,0,0,1,0
196582,0,0,0,1,0,0,0,0
196583,0,0,0,0,0,1,0,0
196584,0,1,0,0,0,1,0,0
196597,1,1,1,0,0,0,1,0
196603,1,1,1,1,0,0,1,0
196604,0,1,0,1,0,1,0,0
196611,1,1,0,1,0,0,0,0
196612,1,1,1,1,0,0,0,0
196613,1,1,0,1,0,0,0,0
196614,1,1,0,1,0,0,0,0
196615,1,1,1,1,0,0,1,0
196616,1,1,1,1,0,0,1,0
196620,1,1,1,0,0,0,0,0
196623,1,1,1,0,0,0,0,0
196624,0,0,0,0,0,1,1,0
196627,0,0,0,0,0,1,0,0
196686,1,1,1,0,0,0,1,1
196687,1,1,1,0,0,1,0,0
196688,1,1,1,1,0,0,1,0
196689,1,1,1,0,0,0,1,0
237413,0,0,0,1,0,0,0,0
196691,1,1,1,1,0,0,1,0
196683,0,0,0,0,0,1,0,1
196696,1,1,1,0,0,0,1,1
196698,1,1,1,0,0,0,1,0
196710,0,1,1,0,0,0,0,1
196711,0,1,1,0,0,1,1,0
196719,1,1,1,0,0,1,0,0
196720,0,1,0,1,0,1,0,0
196721,0,1,1,0,0,1,0,0
196730,1,1,1,0,0,0,0,0
196732,1,1,0,1,0,0,0,0
196738,0,1,0,1,0,0,0,0
196739,0,0,1,0,0,0,0,0
196740,1,0,1,0,0,0,0,0
196742,1,0,1,0,0,0,1,0
196748,0,0,1,0,0,0,1,0
196769,0,0,0,0,0,1,0,1
196771,0,0,1,0,0,0,1,0
196776,0,0,0,0,0,1,0,1
196780,0,1,0,1,0,1,0,0
196783,1,1,1,1,0,0,1,0
196786,0,1,1,0,0,1,0,1
196816,0,1,0,1,0,0,0,0
196817,0,1,1,0,0,1,1,0
196818,0,0,0,1,0,1,0,0
196804,0,0,0,0,0,1,0,1
196805,0,0,0,0,0,0,0,0
196809,0,0,0,1,0,0,0,0
196810,0,0,0,1,0,0,0,0
196821,0,0,1,0,0,0,0,0
196824,1,1,1,0,0,0,1,0
196825,1,1,1,0,0,0,1,0
196834,1,1,1,0,0,0,0,0
196835,1,1,1,1,0,0,0,0
196846,1,1,1,0,0,0,0,0
196319,1,1,1,0,0,0,1,0
196322,0,1,0,1,0,0,0,0
196323,0,0,0,0,0,1,0,0
196324,1,1,1,0,0,0,1,0
196325,1,1,1,0,0,0,0,0
196337,0,0,0,0,0,1,1,0
196349,1,0,0,0,0,1,0,0
196353,1,1,0,1,0,0,0,0
196354,0,1,1,0,0,1,1,0
196361,0,0,1,0,0,0,1,0
196364,1,0,1,0,0,0,1,0
196368,0,1,1,0,0,0,0,0
196369,1,1,1,0,0,0,1,0
196374,1,1,1,0,0,0,1,0
237419,0,0,0,1,0,0,0,0
196363,0,0,0,0,0,1,0,0
196392,1,0,0,1,0,1,0,0
196393,0,1,1,0,0,1,0,0
196396,0,0,0,0,0,1,0,1
196397,1,1,1,0,0,0,1,0
196398,1,1,1,0,0,0,1,0
196399,1,1,1,0,0,0,0,1
196402,1,0,1,0,0,0,0,0
196405,0,0,1,1,0,0,0,0
196413,1,1,1,0,0,0,1,0
196417,0,1,0,1,0,1,0,0
196420,0,1,0,1,0,0,1,0
196423,0,0,0,0,0,1,0,1
196424,1,1,1,0,0,0,1,1
198562,0,0,1,0,0,0,0,0
196426,1,1,1,0,0,0,0,0
196427,1,1,1,0,0,0,1,1
196428,1,1,1,0,0,0,1,0
196430,0,1,0,1,0,0,0,0
196436,1,1,1,0,0,0,1,0
196437,1,1,1,0,0,0,1,0
196438,1,1,1,0,0,0,1,0
196408,0,1,0,1,0,0,1,0
196441,1,1,0,1,0,0,0,0
196444,1,1,1,0,0,0,1,0
196445,1,1,1,0,0,0,1,0
196446,1,1,1,0,0,0,1,1
196447,1,1,1,0,0,0,1,0
196448,1,1,1,0,0,0,1,0
196451,1,1,1,0,0,0,0,0
196454,0,0,1,0,0,0,1,0
196455,0,0,1,0,0,0,0,0
196456,1,1,1,0,0,0,0,0
196459,1,1,1,0,0,0,0,1
196468,0,0,1,0,0,0,0,0
196472,1,1,1,0,0,0,1,0
196475,0,1,1,0,0,0,0,0
196476,0,1,1,0,0,0,0,0
196477,0,1,0,1,0,0,1,0
196482,1,1,1,0,0,0,0,0
196483,1,1,1,0,0,0,1,1
196485,1,1,1,0,0,0,1,0
196493,1,1,1,0,0,0,0,0
196494,0,0,1,0,0,1,1,0
196496,1,1,1,1,0,0,1,0
237415,0,0,0,1,0,0,0,0
196135,0,0,1,0,0,0,1,0
196133,0,0,0,0,0,1,0,0
196190,0,1,0,1,0,0,0,0
196191,0,1,0,1,0,0,0,0
196193,1,1,0,1,0,0,0,0
196205,1,0,1,0,0,0,1,1
196223,1,1,1,0,0,0,1,0
196227,1,1,1,0,0,0,1,0
196249,0,1,1,0,0,1,0,0
196267,0,0,0,0,0,1,0,1
196274,0,1,1,0,0,0,0,0
196275,0,1,0,1,0,0,0,0
196282,0,1,0,1,0,0,0,0
196287,1,1,1,0,0,0,1,0
196291,0,1,1,0,0,1,1,1
196304,0,1,1,0,0,0,1,0
196306,0,0,0,0,0,1,0,0
196246,1,1,1,0,0,0,1,0
196161,0,0,0,1,0,0,0,0
196162,0,1,0,1,0,0,0,0
196166,1,0,1,0,0,0,1,0
196168,0,0,1,0,0,0,0,0
196171,0,1,1,0,0,0,0,0
196173,0,0,0,1,0,0,0,0
196145,0,1,1,0,0,0,0,0
196202,1,1,1,0,0,0,0,0
196207,0,1,0,1,0,0,0,0
196208,0,0,0,1,0,1,0,0
196213,1,1,1,0,0,0,1,1
196198,1,1,1,1,0,0,1,0
196235,1,1,1,0,0,0,1,0
196236,1,1,1,0,0,0,1,0
196253,1,1,1,0,0,0,1,0
196254,0,1,0,0,1,0,0,0
196255,0,1,0,0,1,0,0,0
196256,1,1,1,0,0,0,1,0
196305,1,1,1,0,0,0,1,0
196310,1,1,1,0,0,0,1,0
196312,1,0,1,0,0,1,0,0
196300,1,0,1,0,0,1,0,0
196311,1,1,1,0,0,0,1,0
196309,1,0,1,0,0,0,1,0
196169,1,1,1,0,0,1,1,0
196220,1,1,1,0,0,0,0,0
196261,0,0,1,0,0,1,1,0
196262,1,1,1,0,1,1,0,0
196260,1,1,1,0,0,0,0,0
195217,1,1,1,0,0,0,1,0
196149,1,0,1,0,0,1,0,0
196147,0,1,0,1,0,0,0,0
196067,1,1,1,0,0,0,1,1
196052,1,1,1,1,0,0,1,0
196021,0,0,0,0,1,1,0,0
196071,0,0,0,1,0,0,0,0
196014,0,0,0,0,0,0,0,1
196073,1,1,1,0,0,1,0,0
196038,0,0,1,0,0,1,1,0
196127,1,1,1,0,0,0,1,1
196024,1,0,0,1,0,1,0,0
196058,1,0,0,1,0,1,0,0
196066,1,1,1,0,0,0,1,0
196112,1,0,1,0,0,1,0,0
196122,0,0,0,0,1,1,0,0
196136,0,0,0,0,0,0,0,1
196139,1,1,1,0,0,1,1,0
196150,1,1,1,0,0,0,1,0
196154,1,1,0,1,0,0,0,0
196017,1,1,1,0,0,1,1,0
196019,1,1,1,0,0,0,1,0
196031,1,1,1,0,0,0,1,0
196032,1,0,1,0,0,0,1,0
196037,1,1,1,0,0,0,1,0
196039,0,0,1,1,0,0,1,0
196144,0,0,0,0,0,1,1,0
195907,1,0,1,0,0,1,0,1
195920,1,1,1,0,0,0,1,1
195634,1,1,1,1,0,0,1,0
195882,1,1,1,0,0,0,1,0
195904,0,1,0,1,0,0,0,0
195843,0,1,0,0,1,0,0,0
195895,1,1,1,0,0,0,1,1
195870,1,1,1,0,0,0,1,0
195866,0,1,1,0,0,1,1,0
195862,1,1,1,0,0,0,1,0
195858,0,0,0,1,0,0,1,0
195939,0,1,1,0,1,0,0,0
198563,0,0,1,0,0,0,0,0
195952,0,0,0,0,0,1,0,1
195965,1,1,1,0,0,0,0,0
195958,1,1,1,0,0,0,1,0
195954,1,1,1,0,0,0,1,0
195988,0,0,0,1,0,0,1,0
195962,1,1,1,0,0,0,1,0
195960,1,1,1,0,0,0,1,0
195856,1,1,1,0,0,0,0,0
195413,1,1,0,0,0,0,0,0
195938,1,1,1,0,0,0,1,0
195994,0,1,0,1,0,1,0,0
195995,1,1,1,0,0,0,1,0
195996,1,1,1,0,0,0,1,0
195993,0,0,0,0,0,1,0,0
195998,0,1,1,0,0,0,0,0
195838,0,1,0,1,0,0,0,0
195837,1,1,1,1,0,0,1,0
195991,0,1,0,1,0,1,0,0
195835,0,1,0,1,0,0,0,0
195793,0,0,0,1,0,1,0,0
195778,0,1,1,0,0,1,1,0
195777,1,1,1,0,0,0,0,0
195776,0,1,1,0,0,0,0,0
195767,0,1,1,0,0,1,0,1
195759,1,1,1,1,0,0,1,0
195740,1,1,1,1,0,0,1,0
195780,1,1,1,0,0,0,0,0
195816,1,1,1,0,0,0,1,0
195738,1,1,1,0,0,0,1,0
195836,0,1,0,1,0,1,0,0
195810,1,1,1,0,0,0,1,1
195737,1,1,1,1,0,0,1,0
195772,1,1,1,0,0,0,1,0
195751,1,1,1,0,0,0,0,0
195736,0,1,0,1,0,0,0,0
195817,1,1,1,0,0,1,1,0
195714,1,1,1,1,0,0,1,0
195735,1,1,1,0,0,0,1,0
195705,1,1,1,0,0,0,1,0
195647,0,1,0,1,0,1,0,0
195809,1,1,1,0,0,0,1,1
195697,1,1,1,0,0,0,1,0
195734,1,0,1,0,0,0,0,0
195652,1,1,1,0,0,1,0,0
195733,0,1,0,1,0,0,0,0
195684,1,0,1,0,0,0,1,0
195676,1,1,1,0,0,0,1,0
195655,0,0,0,0,0,0,0,0
195732,1,1,1,1,0,0,0,0
195650,1,0,1,0,0,1,0,0
195797,1,1,1,0,0,0,1,1
195695,1,1,1,0,0,0,0,0
195729,1,1,0,1,0,0,0,0
195659,1,1,1,0,0,0,1,0
195658,1,1,1,0,0,1,0,0
195599,0,1,0,1,0,0,0,0
195624,1,0,1,0,0,1,0,0
195617,0,1,0,1,0,1,0,0
195614,0,0,1,0,0,1,0,1
195612,0,0,0,0,0,1,0,0
195611,0,1,0,1,0,0,0,0
195603,0,1,1,0,0,1,1,0
195600,0,1,1,0,0,0,0,0
195643,1,0,1,0,0,0,0,0
195642,0,1,1,0,0,0,0,0
195641,0,0,0,0,0,1,0,1
195640,0,0,0,1,0,0,0,0
195638,0,1,0,0,0,1,0,0
195636,0,0,1,0,0,0,0,0
195628,0,1,0,0,1,0,0,0
195632,1,0,1,0,0,0,0,0
201710,1,0,0,0,0,0,0,0
195625,0,1,0,1,0,0,0,0
195590,1,1,1,0,0,0,0,1
195588,0,1,1,0,0,0,1,0
195587,0,0,0,0,0,1,1,0
195585,1,0,1,0,0,0,1,0
195581,0,1,1,0,0,0,1,0
195576,1,1,1,0,0,0,0,0
195564,1,0,1,0,0,1,0,0
195561,1,0,1,0,0,1,0,0
195406,0,0,1,0,0,0,1,0
195342,0,0,0,0,0,0,0,0
195405,1,0,1,0,0,0,0,0
195344,1,1,1,0,0,0,1,0
195361,1,1,1,0,0,0,1,0
195385,0,1,1,0,1,0,0,0
195386,1,1,1,0,0,1,0,0
195390,1,1,1,0,0,0,1,0
195448,0,0,0,0,0,0,0,0
195449,1,1,1,0,0,0,0,0
195450,1,1,1,0,0,0,1,0
195536,0,1,0,0,0,1,0,0
195559,0,0,0,1,0,0,0,0
195346,1,1,1,0,0,0,1,0
195356,1,1,1,0,0,0,1,0
195363,1,1,1,0,0,0,1,0
195387,0,1,0,0,1,0,0,0
195409,1,0,1,0,0,0,0,0
195427,0,0,0,1,0,0,1,0
195451,1,1,1,0,0,0,1,0
195467,0,0,1,1,0,0,0,0
195468,0,0,1,0,0,1,0,0
195512,0,1,1,0,0,1,1,0
195315,1,1,1,0,0,0,1,0
195316,1,1,1,0,0,0,1,0
195317,1,1,1,0,0,0,0,0
195318,1,1,1,0,0,0,0,0
195319,1,1,1,0,0,0,0,0
195323,1,0,1,0,0,1,1,0
195310,0,0,0,0,1,0,0,0
195335,1,1,1,0,0,0,1,0
195336,1,1,1,0,0,0,1,0
195352,0,1,0,0,1,0,0,0
195353,1,1,1,0,0,0,0,0
195364,1,1,1,0,0,0,1,0
195365,1,1,1,0,0,0,0,0
195370,0,0,1,0,0,1,1,1
195371,1,1,1,0,0,0,1,0
195375,1,0,1,0,0,0,0,0
195382,1,1,1,0,0,0,1,0
195384,1,1,1,0,0,0,1,1
195388,1,1,1,0,0,0,1,0
195395,1,1,1,1,0,0,1,0
201459,0,0,0,1,0,0,0,0
195401,0,1,0,1,0,0,0,0
195402,0,0,0,1,0,0,1,0
195407,1,0,1,0,0,0,0,0
195411,1,1,1,0,0,0,1,0
195412,1,0,1,0,0,0,1,1
195415,1,1,1,0,0,0,1,0
195420,1,1,1,1,0,0,1,0
195421,1,1,1,1,0,0,0,0
195430,0,1,0,1,0,0,0,0
195431,1,1,1,1,0,0,0,0
195432,1,1,0,1,0,0,0,0
195433,1,1,1,0,0,0,1,1
195440,1,1,1,0,0,0,1,0
195441,1,1,1,0,0,0,1,0
195443,1,1,1,1,0,0,0,0
195378,1,1,0,1,0,0,0,0
195459,1,1,1,1,0,0,1,0
195460,1,1,1,0,0,0,1,0
195461,1,1,1,0,0,0,1,0
195462,0,1,0,1,0,0,0,0
195463,1,1,1,1,0,0,1,0
195469,0,0,1,0,0,0,1,0
195470,1,1,1,0,0,0,0,0
195471,0,1,1,0,0,0,1,0
195472,0,0,1,1,0,0,1,0
195487,0,0,0,0,0,0,0,0
195499,1,1,1,0,0,0,0,1
195500,1,1,1,0,0,0,0,1
195503,1,1,1,0,0,0,0,0
195515,1,1,1,1,0,0,0,0
195517,1,1,1,1,0,0,1,0
195518,1,1,0,1,0,0,0,0
195519,0,1,0,1,0,1,0,0
195520,0,1,0,1,0,0,0,1
195527,0,1,0,1,0,0,1,0
195528,1,1,1,0,0,0,0,0
195521,0,1,0,1,0,0,0,0
195417,1,1,1,0,0,0,1,0
195525,0,1,0,0,0,1,0,0
195526,1,1,1,0,0,1,1,0
195530,0,1,0,1,0,0,1,0
195540,1,1,1,0,0,0,1,0
195549,0,1,0,0,0,1,1,0
194974,0,0,0,0,0,1,0,0
195153,1,0,1,0,0,0,0,0
195165,1,0,1,0,0,1,0,0
195051,1,1,1,0,0,0,1,0
195052,1,1,1,0,0,0,0,0
195053,0,1,1,0,0,0,1,0
195055,0,0,0,0,0,1,0,0
195125,1,1,1,0,0,0,0,0
195179,0,1,1,1,0,0,0,0
195110,1,1,1,0,0,0,1,0
195054,0,0,1,0,0,1,1,0
195124,1,1,1,0,0,0,0,0
195126,0,1,1,0,0,0,1,0
195138,0,1,1,0,0,1,1,1
195155,0,0,0,1,0,0,0,0
195261,0,0,0,1,0,1,0,0
195158,1,1,1,1,0,0,1,0
195275,0,1,0,1,0,0,0,0
195105,1,0,1,0,0,1,0,0
195197,0,0,0,0,0,1,0,0
195107,1,1,0,0,0,0,0,0
195142,1,0,1,0,0,1,0,0
195168,0,0,1,0,0,0,1,0
195248,0,0,1,0,0,0,0,0
195295,1,0,1,0,0,1,0,0
195262,1,1,1,0,0,0,1,0
195276,0,0,1,0,0,0,0,0
195277,0,0,0,1,0,1,0,0
195049,0,1,0,1,0,0,0,0
195065,1,1,1,0,0,0,1,1
195112,1,1,1,0,0,0,1,0
195116,1,1,1,0,0,0,1,0
195122,1,1,1,0,0,0,1,0
195140,1,1,0,0,0,0,0,0
195151,0,0,0,0,0,1,0,0
195154,1,1,1,0,0,0,0,0
195136,1,1,1,0,0,0,1,0
195177,1,0,1,0,0,0,0,0
195178,0,1,1,0,0,0,0,0
195280,0,1,0,1,0,1,0,0
195287,0,0,1,0,0,1,0,0
195288,0,0,0,0,0,0,0,0
195231,1,1,1,0,0,0,1,0
195238,1,1,1,0,0,0,0,0
195103,0,0,0,1,0,0,1,0
195185,1,1,1,0,0,0,1,0
195187,1,1,1,0,0,0,1,0
195214,1,1,1,0,0,1,0,0
195215,1,1,1,0,0,0,1,1
195218,1,1,1,0,0,0,1,1
198564,0,0,1,0,0,0,0,0
195251,1,1,1,0,0,0,1,0
195252,1,1,1,0,0,1,0,0
195253,1,1,1,0,0,0,1,0
195254,1,1,1,0,0,0,1,1
195182,1,1,1,0,0,0,1,0
195219,0,1,1,0,0,1,0,1
195220,1,1,1,0,0,0,1,0
192054,1,1,1,0,0,0,1,0
192653,1,1,1,0,0,0,1,1
193710,0,1,1,0,1,0,1,0
195226,0,0,1,0,0,1,0,0
195227,1,1,1,0,0,0,1,0
195229,1,1,1,0,0,0,1,1
195255,1,1,1,0,0,0,1,0
195256,1,1,1,0,0,0,0,0
195267,1,1,1,0,0,1,0,0
195306,0,0,1,1,0,0,1,0
194870,1,1,1,0,0,0,1,1
194958,1,1,1,0,0,0,0,0
194959,1,1,1,0,0,0,1,0
194973,0,0,1,0,0,0,1,0
195012,1,1,1,0,0,0,1,1
195026,1,1,1,0,0,0,0,1
194807,0,0,1,0,0,1,1,0
194873,0,1,0,1,0,0,0,0
194888,1,1,1,0,0,0,1,0
194890,0,1,0,0,0,1,1,0
194947,0,1,1,0,0,0,0,1
194960,0,1,1,0,0,0,0,0
194742,0,1,1,0,0,0,0,0
195018,0,1,0,1,0,0,0,1
195019,1,1,1,0,0,0,1,0
195043,0,0,0,0,1,0,0,0
195044,0,1,1,0,0,0,1,0
195045,0,1,0,1,0,1,0,0
194794,1,0,1,0,0,1,1,0
194816,0,0,1,0,0,1,0,0
194820,0,0,1,0,0,0,1,0
194821,0,0,0,0,1,1,0,0
194822,0,1,0,0,0,1,0,0
194824,0,1,1,0,0,1,0,0
194825,0,1,1,0,0,0,0,0
194826,1,1,1,0,0,1,1,0
194827,1,1,0,0,0,0,0,0
194833,1,1,1,0,0,0,1,0
194837,1,1,0,0,0,0,0,0
194838,1,1,1,0,0,0,1,0
194839,0,1,1,0,0,0,0,0
194855,0,0,1,0,0,0,0,0
194444,0,0,0,0,0,1,0,1
194891,1,1,1,0,0,0,1,0
194892,1,1,1,0,0,0,1,0
194907,0,0,1,0,0,1,0,1
194922,0,0,1,0,0,1,1,0
194983,1,1,1,0,0,0,1,0
194984,1,1,1,0,0,0,0,0
194982,1,1,1,0,0,0,0,0
195002,0,1,0,1,0,0,0,0
195008,0,0,0,0,0,1,0,0
195011,1,1,1,0,0,0,1,0
195027,1,1,1,0,0,0,0,1
194799,0,0,0,0,0,1,0,0
194801,0,0,0,0,0,0,0,0
194813,0,1,1,0,0,1,0,0
194817,0,0,1,0,0,0,0,0
194831,0,0,0,0,0,0,0,0
194842,0,1,0,0,0,0,0,0
194856,0,0,1,0,0,1,0,0
194857,0,0,0,0,0,0,0,0
194948,1,1,1,1,0,0,1,0
194898,0,1,1,0,0,1,0,1
194999,0,0,1,0,0,0,0,0
194931,0,0,0,0,0,1,0,0
194814,0,1,0,0,0,1,1,0
194840,0,1,0,0,1,0,0,0
195021,0,0,0,0,0,1,0,0
194908,1,0,1,0,0,0,1,0
194910,0,1,1,0,0,1,1,0
194921,1,1,0,1,0,0,0,0
194935,1,0,1,0,0,0,0,0
194966,0,0,1,0,0,0,0,0
195025,1,1,1,0,0,0,0,0
194793,0,1,1,0,0,1,1,0
194804,0,0,0,0,0,1,0,1
194812,0,0,0,0,0,1,0,0
194914,0,1,1,0,0,0,0,0
194924,1,1,1,1,0,0,1,0
194967,1,1,1,0,0,0,0,1
194980,0,0,0,0,0,1,1,0
194981,1,1,1,0,0,0,0,0
201461,0,0,0,1,0,0,0,0
195022,0,0,1,0,0,0,0,1
194501,0,1,1,0,0,1,1,0
194510,1,1,1,0,0,0,1,0
194513,1,1,0,0,0,0,0,0
194524,1,1,1,0,0,0,0,0
194528,1,1,1,0,0,0,0,0
194541,1,1,1,0,0,0,1,0
194149,1,1,1,1,0,0,1,0
194578,1,1,1,0,0,0,1,0
198565,0,0,1,0,0,0,0,0
194579,1,1,1,0,0,0,1,0
194614,0,0,0,1,0,1,0,0
194616,1,1,1,0,0,0,1,1
194672,0,0,0,0,1,0,0,0
194682,1,0,1,0,0,0,0,0
194696,1,1,1,0,0,0,1,0
194613,1,1,1,0,0,0,0,1
194697,0,1,1,0,0,1,0,1
194717,0,1,1,0,0,0,0,0
194724,0,0,0,0,1,0,0,0
194729,1,0,1,0,0,0,0,0
194744,0,0,0,0,0,0,0,0
194750,0,0,0,0,0,1,0,1
194751,0,1,0,0,0,1,1,0
194752,1,0,1,0,0,1,0,0
194754,0,0,0,0,0,1,0,1
194765,0,1,1,0,0,1,1,0
194766,0,0,0,0,0,1,0,0
194774,0,1,1,0,0,1,0,0
194777,0,0,0,0,0,1,0,1
194778,0,0,0,0,0,0,0,0
194779,0,0,1,0,0,1,1,0
194780,0,1,1,0,0,1,1,0
194781,0,0,0,0,0,1,0,1
194785,0,0,0,0,0,1,0,0
194023,1,1,1,0,0,0,1,0
194024,0,1,1,0,1,0,0,0
194026,1,1,1,0,0,0,1,0
194033,1,1,1,1,0,0,1,0
194041,0,0,0,0,0,0,0,0
194045,1,0,1,0,0,0,0,0
194049,1,1,1,0,0,0,0,0
194051,1,1,1,0,0,0,0,0
194054,0,1,1,0,0,0,0,0
194055,0,1,1,0,0,0,0,0
194128,0,1,0,1,0,0,0,0
194130,0,0,0,1,0,1,0,0
194154,0,0,0,1,0,0,0,0
194158,0,0,0,1,0,0,0,0
194168,1,1,1,0,0,0,1,1
194079,1,0,0,0,0,0,0,0
194077,0,0,1,0,0,0,1,0
194185,0,0,1,0,0,0,1,0
194192,0,0,0,0,1,0,0,0
194208,1,1,1,0,0,0,1,0
194214,1,1,1,0,0,0,0,0
194227,1,0,1,0,0,1,1,0
194230,1,1,1,0,0,0,1,0
194232,1,1,1,0,0,0,1,0
194233,0,1,1,0,0,0,1,0
194253,1,1,1,0,0,0,1,0
194027,0,0,1,0,0,0,1,1
194297,0,0,0,0,0,1,0,0
194298,0,0,0,0,0,1,0,0
194315,1,1,1,0,0,0,1,0
194317,0,1,1,0,0,0,0,0
194318,0,0,0,0,0,0,0,0
194319,1,1,1,0,0,0,1,1
194320,0,1,1,0,0,1,1,0
194321,0,1,1,0,0,0,0,0
194322,1,1,1,0,0,1,1,0
194324,0,1,1,0,0,0,1,0
194325,1,1,1,0,1,1,0,0
194380,1,1,1,0,0,0,0,1
194392,0,0,0,0,0,1,0,1
194394,1,1,1,0,0,0,1,0
194460,0,0,0,0,0,1,0,1
194461,0,0,1,0,0,0,0,0
194295,0,0,0,1,0,0,0,0
194291,0,0,0,0,0,1,1,0
194290,1,1,1,0,0,0,1,0
194289,1,1,1,0,0,0,1,0
194288,1,0,1,0,0,0,0,0
194287,1,1,1,0,0,0,1,0
194285,0,0,0,1,0,1,0,0
194480,0,0,1,0,0,0,0,0
194483,1,1,1,0,0,0,1,0
194488,1,1,0,0,0,0,0,1
194489,1,1,1,0,0,1,1,0
193144,1,1,1,0,0,0,0,0
193148,0,0,0,0,0,0,0,0
193149,1,1,1,0,0,0,0,0
193150,0,1,1,0,0,1,1,0
193153,1,1,0,0,0,0,0,0
193155,1,1,1,0,0,0,1,0
193156,1,1,1,0,0,0,0,0
193157,1,1,1,0,0,1,0,0
193158,0,1,0,0,0,1,1,0
193159,0,0,0,0,0,1,1,0
193163,0,1,1,0,0,0,1,0
193164,0,0,1,0,0,0,1,0
193165,0,1,1,0,0,1,1,0
193170,1,1,1,0,0,0,1,0
193171,1,1,1,0,0,0,1,0
193108,0,1,0,1,0,0,0,0
193206,1,1,1,0,0,0,1,0
193208,1,1,1,0,0,0,1,0
193209,1,1,1,0,0,0,1,0
193210,1,1,1,0,0,0,1,0
193211,0,1,1,0,0,0,0,0
193213,1,1,1,0,0,0,1,0
193215,1,1,1,0,0,0,1,0
193216,0,0,0,0,0,0,0,0
193221,0,1,1,0,0,0,0,0
193224,0,0,0,0,0,1,0,0
193227,1,1,1,0,0,0,1,0
193228,0,1,1,0,0,1,1,0
193229,0,1,1,0,0,0,1,0
193230,0,1,1,0,0,0,0,0
193231,0,1,1,0,0,0,1,0
192765,1,0,1,0,0,0,0,0
193239,1,1,1,0,0,0,1,0
193242,0,0,1,0,0,0,0,1
193243,1,0,1,0,0,0,1,0
193244,0,0,1,0,0,0,0,0
193246,1,0,0,0,0,1,0,0
193248,0,1,1,0,0,0,0,0
193260,0,0,1,0,0,0,1,0
193265,1,1,1,0,0,0,1,0
193161,1,0,0,0,0,0,0,0
193207,1,1,0,0,0,0,0,1
193311,0,1,1,0,0,0,1,0
193321,1,1,1,0,0,0,1,0
193325,1,1,1,0,0,0,0,0
193326,1,1,0,1,0,0,0,0
193327,1,1,0,1,0,0,0,0
193354,1,1,1,0,0,0,1,1
193368,1,1,1,0,0,0,1,0
193320,1,1,1,0,0,0,1,0
193369,1,1,1,0,0,0,0,0
193374,0,0,0,1,0,0,0,0
193381,0,0,0,0,0,1,0,1
193387,0,0,1,0,0,0,1,0
193397,0,0,0,0,0,1,0,0
193398,1,1,1,0,0,0,1,0
193399,0,0,1,0,0,1,0,0
193415,1,1,1,0,0,1,1,0
193420,0,0,1,0,0,1,1,0
193439,1,1,1,0,0,0,1,0
193440,0,1,1,0,0,1,1,0
193441,0,1,1,0,0,1,1,0
237429,0,0,0,1,0,0,0,0
193463,0,0,0,1,0,1,0,0
193465,0,1,1,0,0,0,0,0
193466,1,0,1,0,0,0,0,0
193473,0,0,0,0,0,1,0,1
193475,0,1,0,1,0,0,0,0
193477,1,1,1,0,0,0,1,1
193513,0,0,0,0,0,1,0,1
193516,1,1,1,0,0,0,1,1
193525,0,1,1,0,0,0,1,0
193526,0,0,0,0,0,1,0,0
193462,0,1,1,0,0,1,1,0
193542,1,1,1,0,0,0,1,0
193540,1,1,1,0,0,0,1,0
194396,0,1,0,1,0,0,0,0
193543,1,1,1,0,0,0,1,0
193544,1,1,1,0,0,0,1,0
193547,1,1,1,0,0,0,1,0
193548,1,1,1,0,0,0,1,0
193560,1,1,1,0,0,0,1,0
193561,0,1,1,0,0,1,1,1
193238,1,1,1,0,0,0,0,0
193319,1,1,1,0,0,0,1,0
194229,1,1,1,0,0,0,1,0
193162,0,1,1,0,0,1,1,1
194490,0,0,0,0,0,1,0,0
193261,0,0,0,0,0,1,0,0
193574,0,0,0,0,0,1,0,0
193581,1,1,1,0,0,0,0,0
193583,0,1,0,1,0,0,0,0
193584,1,1,1,1,0,0,1,0
193597,0,0,0,0,0,0,0,0
193611,0,1,1,0,0,0,1,0
193612,1,1,1,0,0,0,1,1
193614,1,0,0,0,0,1,0,0
194397,1,1,1,0,0,0,0,0
194403,0,0,1,0,0,0,1,0
193389,0,0,1,0,0,1,1,0
193634,0,1,0,0,0,1,0,1
193638,1,1,1,0,0,0,0,0
193639,1,1,1,0,0,0,0,0
193654,0,0,0,1,0,0,0,0
193688,0,1,0,1,0,0,0,0
193694,0,0,0,1,0,0,0,0
193696,0,1,1,0,0,0,1,0
193698,0,1,0,0,0,0,0,0
193627,1,1,1,0,0,0,1,0
193708,1,1,1,0,0,0,0,0
193712,0,0,0,0,0,1,0,1
193715,1,1,1,0,0,0,0,0
193718,1,0,1,0,0,0,1,0
193720,0,1,0,0,0,0,0,0
237423,0,0,0,1,0,0,0,0
193731,0,1,1,0,0,0,0,0
193732,0,0,0,0,0,1,0,1
193733,1,1,1,0,0,0,1,0
193735,1,1,1,0,0,0,0,1
193736,1,0,1,0,0,0,0,0
193738,0,0,1,0,0,0,0,0
193739,1,1,1,0,0,0,0,0
193742,0,0,0,0,0,1,1,0
193764,0,0,1,0,0,1,0,0
193714,0,0,0,0,0,1,0,0
193772,1,1,1,0,0,0,1,1
193785,1,0,1,0,0,0,0,1
193787,1,1,1,0,0,1,0,0
193790,0,0,0,0,0,1,0,0
193795,0,0,1,0,0,1,1,0
193237,0,1,1,0,0,0,1,0
193803,1,1,1,0,0,0,0,1
193805,1,1,1,0,0,0,0,1
193808,1,1,0,0,0,0,0,0
193810,1,0,1,0,0,0,1,0
193812,1,1,1,0,0,0,0,1
193815,0,1,1,0,0,1,1,1
193820,0,1,1,0,0,0,1,0
193821,0,0,1,0,0,0,1,0
193822,1,1,1,1,0,0,1,0
193823,1,0,1,0,0,1,1,0
193824,0,0,1,0,0,0,1,0
193825,1,1,1,0,0,0,1,1
193826,1,0,1,0,0,0,0,0
193827,1,0,1,0,0,0,1,0
193828,0,1,1,0,0,0,0,0
193829,0,0,1,0,0,0,1,0
193830,0,0,1,0,0,0,0,0
193831,0,0,1,1,0,0,1,0
193832,1,1,0,0,0,0,0,0
193833,1,1,1,0,0,0,0,0
193953,1,1,1,0,0,0,0,0
193834,1,1,1,0,0,0,1,0
193835,0,1,1,0,0,0,0,0
193848,0,0,0,0,0,0,0,0
193852,1,0,1,0,0,0,1,0
193866,0,0,0,1,0,0,0,0
193232,0,1,0,0,0,1,1,0
193629,1,1,1,0,0,0,1,0
193769,1,0,1,0,0,0,0,0
193873,1,0,0,1,0,1,0,0
193800,0,1,0,1,0,0,0,0
193768,1,1,1,0,0,0,1,0
193628,1,1,1,0,0,0,1,0
193761,1,1,1,0,0,0,1,0
193876,0,0,0,0,0,1,0,0
193878,0,0,0,1,0,0,0,0
193880,1,1,1,0,0,0,0,0
193883,0,1,0,0,0,1,0,0
193884,0,0,0,0,0,0,0,0
193886,0,0,0,0,0,0,0,0
193888,1,0,1,0,0,0,0,0
193890,0,0,1,0,0,0,0,0
193894,1,1,0,1,0,0,0,0
193895,1,1,1,1,0,0,1,0
193896,1,1,1,0,0,0,0,0
193897,0,0,0,0,0,1,0,0
193860,0,0,1,0,0,0,0,1
193919,1,1,0,1,0,0,0,0
193929,1,1,1,0,0,0,0,0
193930,1,1,1,0,0,0,1,0
193933,0,0,0,0,0,1,0,1
193935,1,0,1,0,0,1,0,0
193936,0,0,0,0,0,1,0,0
193565,0,0,0,0,0,0,0,0
193939,1,1,1,0,0,0,1,0
193950,0,0,1,0,0,0,0,0
193951,1,0,1,0,0,0,0,0
193952,1,1,1,0,0,0,1,0
193955,0,0,0,0,0,0,0,1
193970,1,0,1,0,0,0,1,0
193971,0,0,0,0,0,1,0,0
193972,0,0,1,0,0,0,0,0
193973,1,1,1,1,0,0,1,0
193974,0,0,0,0,0,1,1,0
193975,0,1,0,1,0,1,0,0
193976,0,0,0,1,0,0,1,0
193977,0,0,0,1,0,1,0,0
193979,0,0,1,0,0,1,0,1
193781,0,1,0,0,0,1,0,0
193783,0,0,0,0,0,0,0,1
193995,0,0,0,0,0,0,0,0
193981,0,0,0,0,0,1,1,0
194011,0,0,0,0,0,1,0,1
194013,1,1,1,0,0,0,1,0
193892,1,1,1,0,0,0,1,0
194015,0,0,0,0,0,0,0,0
192829,0,0,0,0,0,1,0,1
193048,0,0,0,0,0,1,0,1
193000,0,0,0,0,0,0,0,1
192775,0,0,0,1,0,0,1,0
201467,0,0,0,1,0,0,0,0
192957,0,1,0,1,0,0,0,0
192696,1,1,1,0,0,0,0,0
193117,1,0,1,0,0,0,0,0
192686,1,1,1,0,0,0,1,0
192749,0,0,0,0,0,0,0,0
193109,0,1,1,0,0,0,0,0
193054,0,0,0,0,1,0,0,0
193097,1,1,1,0,0,0,1,0
237433,0,0,0,1,0,0,0,0
192917,0,0,0,0,0,0,0,1
192910,0,0,0,0,0,1,0,1
193111,0,0,0,0,0,1,0,0
192903,0,1,0,0,0,1,1,0
193058,0,0,1,0,0,1,1,0
193099,0,0,1,0,0,1,1,0
192676,0,0,0,0,0,1,0,0
192923,1,1,1,0,0,0,0,0
192916,1,0,0,0,0,1,0,0
192722,1,1,1,0,0,0,0,0
192995,1,1,1,0,0,0,0,0
192707,1,0,1,0,0,0,1,0
192706,1,0,1,0,0,1,0,0
192708,1,1,1,0,0,0,1,0
192826,1,1,1,0,0,0,0,0
192825,0,0,1,0,0,0,0,0
192827,1,1,1,0,0,0,1,0
192804,0,0,0,0,0,1,0,1
192805,1,1,1,0,0,0,0,0
192848,1,1,1,0,0,0,1,0
237435,0,0,0,1,0,0,0,0
192703,1,1,1,0,0,0,1,0
192926,1,1,0,1,0,0,0,0
192970,1,1,1,0,0,0,0,0
192896,1,1,0,1,0,0,0,0
192907,0,0,0,1,0,0,0,0
192868,1,1,0,1,0,0,0,0
192873,1,1,0,1,0,0,0,0
192899,0,0,0,1,0,0,0,0
192822,1,1,1,1,0,0,1,0
193032,1,1,1,1,0,0,0,0
193024,1,1,1,1,0,0,0,0
192815,0,1,0,1,0,0,1,0
192905,1,1,0,1,0,0,0,0
192751,0,1,0,1,0,0,0,0
193114,1,1,1,0,0,0,0,0
192685,0,0,0,0,0,0,0,0
192689,1,1,1,0,0,0,1,0
192737,1,1,1,0,0,0,0,0
192755,1,1,1,0,0,0,0,0
193110,1,1,1,0,0,0,1,0
192754,1,1,1,0,0,0,1,0
192705,0,0,0,0,0,1,0,0
192756,1,1,1,0,0,0,1,0
192802,1,1,1,0,0,0,0,0
192853,1,0,1,0,0,0,1,0
192781,1,1,1,0,0,0,1,0
192782,1,1,1,0,0,0,1,0
192793,1,1,1,0,0,0,1,0
192795,1,1,1,0,0,0,1,0
192798,1,1,1,0,0,0,1,0
192846,1,1,1,1,0,0,1,0
192750,0,0,0,0,0,1,1,0
192683,0,0,0,0,0,0,0,0
192945,0,0,0,0,0,1,1,0
192767,0,1,0,0,1,0,0,0
192840,1,0,1,0,0,0,1,0
192932,1,1,1,0,0,0,0,0
192933,0,1,0,1,0,0,0,0
192934,1,1,1,1,0,0,1,0
192935,1,1,1,1,0,0,1,0
192936,0,1,1,0,0,1,1,0
192937,0,1,1,0,0,0,1,0
192938,1,1,1,0,0,0,0,0
192704,1,1,1,0,0,0,1,0
192856,1,0,1,0,0,0,1,0
192859,0,1,1,0,0,0,1,0
193120,1,1,1,0,0,0,1,0
192728,1,1,1,0,0,0,0,0
192729,1,1,1,0,0,0,1,0
192730,1,1,1,0,0,0,1,0
192731,1,1,1,0,0,0,0,0
192732,0,1,1,0,0,0,1,0
192692,1,1,1,0,0,0,1,0
192721,1,1,1,0,0,0,1,0
192680,0,0,1,0,0,0,0,0
193043,0,0,0,0,0,0,0,0
192694,1,1,1,1,0,0,1,0
192812,0,1,0,1,0,0,1,0
192891,1,1,0,1,0,0,0,0
192892,1,1,1,0,0,0,0,0
193012,1,1,1,1,0,0,0,0
193013,1,1,1,0,0,0,0,0
192735,1,1,1,0,0,0,1,0
192736,1,1,1,0,0,0,1,0
192839,1,1,1,0,0,0,0,0
192746,0,0,1,0,0,1,0,0
192498,1,1,1,0,0,0,0,0
192499,1,1,1,0,0,0,1,0
192500,0,0,0,0,0,0,0,0
192516,1,1,1,0,0,0,1,0
192521,1,1,1,0,0,0,1,0
192522,1,1,1,0,0,0,1,0
192529,0,0,0,1,0,1,0,0
192531,1,0,1,0,0,1,1,0
192534,1,1,1,0,0,0,0,0
192535,0,1,1,0,0,1,0,1
192538,0,1,0,1,0,0,0,0
192539,1,1,1,0,0,0,1,0
192540,1,1,1,0,0,0,1,1
192541,1,1,1,1,0,0,1,0
192554,0,1,0,1,0,1,0,0
192542,0,0,0,0,0,0,0,0
192562,0,1,1,0,0,0,0,0
192577,1,1,1,0,0,0,1,0
192579,1,1,1,0,0,0,1,0
192580,1,1,1,0,0,0,1,0
192587,1,0,1,0,0,0,0,0
192588,1,1,1,0,0,0,1,0
192589,1,0,0,0,0,1,1,0
192592,0,1,1,0,0,0,1,0
192602,1,1,1,0,0,0,1,0
192604,1,1,1,0,0,0,1,0
192615,1,1,1,0,0,0,1,0
192618,0,0,1,0,0,1,1,0
192624,0,0,0,0,0,1,0,1
192625,0,1,1,0,0,0,1,0
192626,1,0,1,0,0,1,0,1
192627,0,0,1,0,0,1,1,1
192628,1,0,1,0,0,1,1,0
192646,1,1,1,0,0,0,1,0
192647,1,0,1,0,0,0,0,0
192648,0,0,0,0,1,0,0,0
192650,0,0,0,0,0,0,0,0
192651,1,0,0,0,0,1,0,0
192654,0,1,0,1,0,0,0,0
192658,0,0,1,0,0,0,1,0
192623,0,0,0,0,0,1,0,0
192662,1,1,1,0,0,0,1,0
192663,1,1,1,0,0,0,0,0
192622,0,0,0,0,0,0,0,1
192665,1,1,1,0,0,0,1,0
192666,1,1,1,1,0,0,1,0
192667,1,1,1,0,0,0,1,0
191985,0,0,0,1,0,1,0,0
192325,0,1,1,0,1,0,0,0
192320,0,1,1,0,0,0,1,0
192322,1,1,1,0,0,0,1,1
192323,1,1,1,0,0,0,0,1
192394,0,0,0,0,0,0,0,0
192487,1,1,0,1,0,0,0,0
191098,0,0,1,0,0,0,0,0
192289,1,1,1,1,0,0,1,0
192307,0,0,0,0,0,0,0,1
192310,0,0,1,0,0,1,0,0
198566,0,0,1,0,0,0,0,0
192318,0,0,0,1,0,0,0,0
192329,1,1,0,1,0,0,0,0
192330,1,0,0,0,0,1,0,0
192331,0,0,1,0,0,0,0,0
192324,0,1,1,0,0,1,1,1
192332,1,1,1,0,0,1,1,0
192399,1,1,1,0,0,0,1,1
192100,1,1,1,0,0,0,1,0
192661,1,1,1,0,0,0,1,0
191112,0,0,0,1,0,0,0,0
192333,1,1,1,0,0,0,1,0
192334,0,0,0,0,0,1,0,0
192335,0,1,1,0,0,1,1,0
192336,0,0,0,0,0,1,1,0
192338,0,1,1,0,0,0,0,0
192340,1,1,1,0,0,0,0,0
192342,0,1,1,0,0,0,1,0
192349,1,1,0,1,0,0,0,0
192354,1,1,1,0,0,0,1,0
192355,0,1,0,0,1,0,0,0
192360,0,0,0,0,0,1,0,1
192363,1,1,1,1,0,0,1,0
192366,1,0,1,0,0,1,0,0
192313,0,0,0,0,0,1,1,0
192381,0,1,1,0,0,0,1,0
192385,1,1,1,1,0,0,1,0
192397,1,1,1,0,0,0,1,0
192409,0,0,0,0,0,0,0,0
192410,0,1,1,0,0,0,1,0
192411,0,1,1,0,0,0,0,0
192412,1,1,1,0,0,0,1,1
192413,1,1,1,0,0,0,0,0
192414,1,1,0,0,1,0,0,0
192415,0,1,0,0,1,0,0,0
192416,1,1,1,0,0,0,0,0
192441,0,1,1,0,0,1,0,0
192449,0,0,1,0,0,0,0,0
192459,1,1,1,0,0,0,1,0
192460,0,1,1,0,0,0,1,0
192463,0,1,1,0,0,0,0,0
192466,0,1,1,0,0,1,1,0
192476,0,1,1,0,0,0,1,0
192479,1,1,1,1,0,0,1,0
192480,0,0,0,0,0,0,0,0
192326,1,0,1,0,0,0,0,0
192492,1,1,1,0,0,0,0,0
192077,1,1,0,1,0,0,0,0
192080,1,0,1,0,0,0,0,0
192093,1,0,1,0,0,0,1,0
192094,0,0,0,0,0,0,0,0
192095,0,0,0,0,0,0,0,0
192096,1,1,1,0,0,0,1,0
192097,0,0,1,0,0,0,0,1
192098,1,1,1,0,0,0,0,0
192099,1,1,1,0,0,0,0,0
192664,1,1,1,0,0,0,1,0
192101,1,1,1,0,0,0,0,0
192102,1,0,1,0,0,0,1,1
192103,1,1,1,0,0,0,1,0
192104,1,1,1,0,0,0,1,0
192105,1,1,1,0,0,1,0,0
192106,1,1,1,0,0,0,1,1
192107,1,1,1,0,0,0,1,0
192108,1,1,1,0,0,0,0,0
192109,1,1,1,0,0,0,1,0
192156,1,1,0,1,0,0,0,0
192110,0,1,1,0,0,0,1,0
192192,1,1,0,1,0,0,0,0
192111,1,1,1,0,0,0,1,0
192129,1,1,0,1,0,0,0,0
192112,0,1,1,0,0,1,1,0
192113,1,1,1,0,0,0,1,0
192121,1,1,1,1,0,0,0,0
192137,1,1,0,1,0,0,0,0
192141,1,0,1,0,0,0,1,0
192142,1,1,1,0,0,0,1,0
192145,1,1,1,0,0,0,1,0
192155,0,0,0,0,0,0,0,0
201474,0,0,0,1,0,0,0,0
192201,1,1,0,1,0,0,0,0
192204,0,0,1,0,0,0,1,0
192210,0,0,0,0,0,1,1,1
192220,1,1,0,1,0,0,0,0
192231,1,1,1,0,0,0,0,0
192232,0,0,0,0,0,0,0,0
192233,0,1,1,0,0,0,0,0
192234,1,0,1,0,0,0,0,0
192186,0,0,0,0,0,1,0,0
192237,0,1,0,1,0,1,0,0
192240,0,0,1,0,0,0,1,0
192241,1,1,1,0,0,0,0,0
192244,0,0,0,1,0,0,0,0
192245,1,1,1,1,0,0,1,0
192246,0,1,1,0,0,0,1,0
192249,1,1,1,0,0,0,0,0
192252,0,1,0,1,0,1,0,0
192253,0,0,0,0,0,1,1,0
192254,1,1,0,1,0,0,0,0
192255,0,1,0,1,0,0,0,0
192261,0,0,0,1,0,0,0,0
192263,1,1,0,0,0,0,0,0
192272,0,1,1,0,0,0,1,0
192273,0,0,0,0,0,0,0,0
192276,1,1,1,0,0,0,1,0
192251,1,1,1,1,0,0,1,0
191075,0,0,0,1,0,0,1,0
191264,0,1,0,0,0,1,0,1
191263,0,1,0,0,0,1,0,1
191472,1,1,1,0,0,0,1,0
191473,0,1,1,0,0,0,1,0
191475,1,1,1,0,0,0,1,0
192299,1,0,1,0,0,1,0,0
191679,0,0,1,0,0,0,0,0
191712,0,0,0,0,0,1,0,0
191724,1,1,1,0,0,0,1,0
191726,0,1,1,0,0,0,0,0
191728,0,1,1,0,0,0,0,0
191731,1,1,1,0,0,0,1,0
191740,1,1,1,0,0,0,1,0
191741,0,1,0,0,0,1,1,0
191751,0,0,0,1,0,1,0,0
191753,1,1,1,0,0,0,0,0
191755,1,1,1,0,0,0,0,0
191757,0,0,1,0,0,0,0,0
191652,1,1,1,1,0,0,1,0
191820,0,0,0,1,0,1,0,0
191834,0,1,1,0,1,0,0,0
191844,0,0,0,0,0,1,0,1
191855,0,1,1,0,0,0,0,0
191864,1,1,1,0,0,0,1,1
191867,0,0,0,0,0,1,0,1
191868,0,0,0,0,0,1,0,0
191869,0,0,1,0,0,1,0,0
191878,1,1,1,0,0,0,1,1
191891,1,1,1,0,0,0,0,0
191896,0,1,0,0,0,0,0,0
191897,1,1,1,0,0,0,0,0
191898,1,1,1,0,0,0,1,0
191899,0,1,0,1,0,0,0,0
191900,1,0,1,0,0,0,0,0
191901,0,1,1,0,0,1,1,0
191902,0,1,1,0,0,1,0,1
191903,0,0,0,0,0,1,0,1
191904,0,0,1,0,0,0,0,0
191921,1,1,1,0,0,0,1,0
191922,1,1,1,0,0,0,0,0
191923,0,1,1,0,0,0,0,0
191924,1,1,1,0,0,0,1,0
191925,0,0,0,0,0,1,1,0
191926,1,1,1,0,0,0,1,0
191928,1,1,1,0,0,0,1,0
191929,1,0,1,0,0,1,1,0
191930,1,1,1,0,0,0,0,0
191931,0,1,1,0,0,1,1,0
191946,1,1,1,0,0,0,1,0
191949,1,0,1,0,0,0,1,0
191956,0,0,1,0,0,1,1,0
191960,1,1,1,0,0,0,1,0
191973,1,1,1,0,0,1,0,0
201333,0,0,0,0,0,0,0,0
191989,0,0,0,0,0,1,0,0
191995,1,1,1,0,0,0,1,0
191996,0,1,1,0,0,0,0,0
191990,1,1,1,0,0,0,0,0
191997,0,0,0,1,0,1,0,0
191999,0,0,1,0,0,0,0,0
192014,0,0,0,0,0,1,1,0
192016,1,1,1,0,0,0,0,0
192019,1,1,1,0,0,0,1,0
192022,1,0,1,0,0,0,0,0
192026,1,1,1,0,0,0,1,1
192039,1,0,1,0,0,0,1,1
192042,1,1,1,0,0,0,1,0
201476,0,0,0,1,0,0,0,0
192053,0,1,1,0,0,0,0,0
192055,1,1,1,0,0,0,1,0
192064,1,1,1,0,0,0,1,0
191090,1,1,1,0,0,0,0,0
201486,0,0,0,1,0,0,0,0
190978,0,0,0,0,0,0,0,0
191032,1,0,1,0,0,0,0,0
191288,0,1,1,0,0,1,1,0
191289,1,1,1,1,0,0,1,0
191240,0,0,0,0,0,1,0,0
191593,0,1,0,1,0,0,0,0
191594,0,1,1,1,0,0,0,0
191441,1,1,1,1,0,0,0,0
191479,1,0,1,0,0,1,0,0
191257,0,1,0,0,1,0,0,0
191424,1,1,1,0,0,0,1,0
191428,0,1,0,1,0,0,1,0
191521,0,1,0,1,0,0,0,0
191522,0,1,1,0,1,0,1,0
191526,0,1,0,1,0,0,0,0
146320,1,1,1,1,0,0,1,0
191267,0,0,0,1,0,0,0,0
191069,1,1,1,0,0,0,1,0
191121,0,0,0,0,0,0,0,0
191158,0,0,0,0,1,1,0,0
191592,1,1,1,0,0,1,1,0
191415,1,1,1,0,0,0,1,0
191417,1,1,1,0,0,0,1,0
191562,1,1,1,0,0,0,1,1
191565,0,1,1,0,0,0,1,0
191566,1,1,1,0,0,0,1,0
190975,1,1,0,0,0,0,0,0
190999,0,0,0,0,0,0,0,0
191003,0,1,0,1,0,1,0,0
190378,1,0,1,0,0,0,0,0
191033,1,0,1,0,0,0,1,0
191165,0,0,0,1,0,0,0,0
191125,1,0,1,0,0,0,1,0
191127,0,1,0,1,0,1,0,0
201483,0,0,0,1,0,0,0,0
190919,1,1,1,0,0,0,0,0
190948,0,0,1,1,0,0,0,0
191487,0,1,1,0,0,0,0,0
191046,1,1,1,0,0,0,1,0
191049,0,1,1,0,0,0,1,0
191051,0,0,1,0,0,1,1,1
191052,1,1,1,0,0,0,1,0
191053,0,1,1,0,0,0,1,0
191055,0,0,0,0,0,1,0,0
191050,1,0,1,0,0,1,0,0
191179,0,0,1,0,0,0,0,1
191026,0,0,0,0,0,1,0,0
191191,1,1,1,0,0,0,1,0
191192,0,0,0,0,0,1,0,1
191193,0,0,0,0,0,1,0,1
191194,0,0,0,0,0,1,1,0
191195,0,0,0,0,0,0,0,0
191196,0,1,1,0,0,1,1,1
190971,0,0,1,0,0,0,1,0
190973,0,1,0,1,0,0,0,0
191349,0,0,0,0,0,1,0,0
190459,1,1,1,1,0,0,1,0
191376,0,1,0,0,0,1,1,0
191379,0,0,1,0,0,1,1,0
191380,0,0,0,0,0,0,0,0
191433,1,1,1,0,0,0,1,0
191434,1,0,1,0,0,0,1,0
191435,0,0,0,0,0,1,1,0
191436,1,1,1,0,0,0,1,0
191437,0,1,1,0,0,0,0,0
191438,0,0,0,0,0,1,0,1
191439,1,1,1,0,0,1,1,0
191198,0,0,0,0,0,1,0,1
191199,0,0,0,0,0,0,0,1
191200,1,1,0,0,0,1,1,0
191149,0,1,1,0,0,0,0,0
191151,1,1,1,0,0,0,0,0
191152,0,0,0,0,1,0,0,0
191024,0,0,0,0,0,1,0,1
190471,1,1,1,0,0,0,0,0
191074,0,1,0,1,0,0,0,0
191337,0,1,0,1,0,0,1,0
191381,1,1,1,0,0,0,0,0
201482,0,0,0,1,0,0,0,0
191277,0,1,1,0,0,0,1,0
191278,1,1,1,0,0,0,1,0
191279,1,1,1,0,0,0,1,0
190902,0,0,0,0,0,1,0,0
190905,0,1,0,1,0,0,0,0
191048,1,1,1,0,0,0,1,0
191040,0,1,1,0,0,1,1,1
239902,0,0,1,0,0,0,0,0
191042,0,0,0,0,0,1,0,1
191043,0,1,0,0,0,1,0,1
191044,0,0,0,0,0,0,0,0
191203,0,0,0,0,0,1,0,0
191408,1,1,0,0,0,0,0,0
191100,1,1,1,0,0,0,1,0
201491,0,0,0,1,0,0,0,0
190285,1,1,1,0,0,0,1,1
190140,0,0,0,0,0,1,0,0
190141,1,1,1,0,0,1,0,0
190142,0,0,0,0,0,0,0,0
190144,0,0,0,0,0,1,0,0
190146,0,1,1,0,0,0,1,0
190147,1,0,1,0,0,0,0,0
190148,0,1,1,0,0,0,0,0
190149,1,1,1,0,0,0,0,1
190150,1,1,1,0,0,0,1,0
190151,1,1,1,0,0,0,0,0
190152,1,1,1,0,0,0,1,0
190153,1,0,1,0,0,0,1,1
190172,1,1,1,0,0,0,1,0
190008,1,1,1,0,0,0,1,0
190314,0,0,0,0,0,1,0,0
188763,1,0,1,0,0,0,0,0
190042,0,0,0,1,0,0,0,0
190006,0,0,0,0,0,1,0,1
190041,1,0,1,0,0,0,0,0
190005,1,1,1,0,1,1,0,0
190036,0,0,0,1,0,0,0,0
190004,1,1,1,0,0,1,0,0
190035,0,0,0,0,0,0,0,0
190033,0,0,0,1,0,0,0,0
190017,0,1,0,1,0,0,0,0
190268,0,0,0,1,0,0,0,0
190003,0,1,0,1,0,1,0,0
190283,1,1,1,0,0,0,1,1
190224,0,0,0,0,0,1,0,0
190002,0,0,0,1,0,0,0,0
190336,0,0,0,0,0,0,0,0
190321,1,0,1,0,0,0,0,0
190001,1,1,0,1,0,0,0,0
190225,1,1,1,0,0,0,1,0
190339,0,1,1,0,0,1,0,0
190120,1,1,1,0,0,0,1,0
190370,1,1,1,0,0,0,0,0
190265,0,0,0,0,0,0,0,0
190326,1,1,1,0,0,0,1,0
190372,0,0,1,0,0,0,0,0
189967,1,1,1,0,0,0,1,0
189677,1,0,1,0,0,0,0,0
190252,0,0,1,0,0,1,0,0
190162,0,0,1,0,0,1,1,0
190348,0,1,1,0,0,0,0,0
190377,0,0,1,1,0,0,0,0
190121,0,1,1,0,0,0,0,0
188728,0,0,0,0,0,1,1,0
191066,1,1,1,0,0,0,1,0
190380,0,0,0,0,0,1,0,0
190163,0,0,0,0,0,0,0,0
190015,0,1,0,1,0,0,0,0
190317,0,0,0,1,0,1,0,0
190328,0,1,0,1,0,0,0,0
190093,1,1,1,0,0,0,1,0
189966,0,0,0,1,0,0,0,0
190439,0,0,0,1,0,1,0,0
189684,1,1,1,1,0,0,1,0
189960,1,1,1,0,0,0,0,0
190076,1,0,1,0,0,0,0,0
190078,1,1,1,0,0,0,1,0
190081,0,1,1,0,0,0,1,0
201711,1,0,0,0,0,0,0,0
190308,0,0,0,0,0,1,0,1
190292,0,0,0,0,0,1,0,0
190276,0,1,0,0,1,0,0,0
190277,1,1,1,0,0,0,0,0
190294,0,0,0,0,0,0,0,0
190335,1,1,1,0,0,0,1,0
190278,1,1,1,0,0,0,1,0
190090,1,0,1,0,0,0,1,1
190279,1,1,1,0,0,0,1,0
190203,0,0,1,0,0,1,1,1
190280,1,1,1,0,0,0,0,0
190075,1,1,0,1,0,0,0,0
190256,1,1,1,0,0,0,1,0
190204,1,0,1,0,0,0,1,1
190258,1,1,1,0,0,0,0,0
190318,1,1,1,1,0,0,1,0
190287,1,0,0,1,0,1,0,0
190205,1,1,1,0,0,0,1,0
190359,1,1,1,0,0,0,1,0
190038,0,0,0,0,0,1,0,1
189985,0,0,1,0,0,1,0,0
190034,0,0,1,0,1,0,1,0
190071,0,0,0,0,0,1,0,0
190080,0,0,1,0,0,0,0,1
190028,1,1,1,0,0,0,1,0
190118,0,0,0,0,0,0,0,0
190029,1,0,1,0,0,1,1,0
190133,0,0,1,0,0,0,1,0
190201,1,0,1,0,0,0,1,0
190223,1,0,1,0,0,0,1,0
190246,0,0,0,0,0,1,0,0
190253,0,0,0,0,1,0,0,0
190266,0,0,1,0,0,1,0,1
190273,0,0,1,0,0,0,1,0
190274,1,1,1,0,0,0,1,0
190126,1,1,1,0,0,0,1,0
190281,1,1,1,0,0,0,1,0
190344,0,0,1,0,1,1,0,1
190360,0,0,0,0,0,1,1,0
190365,1,1,0,0,0,0,0,1
190368,1,1,1,0,0,0,0,0
190389,0,0,0,0,0,1,0,0
190039,0,1,1,0,0,1,0,0
190391,1,1,0,0,0,0,0,0
190044,0,0,1,0,0,1,0,0
190401,1,0,1,0,0,0,0,0
190049,0,1,1,0,0,1,1,1
190427,0,0,1,0,0,0,0,0
190202,0,0,1,0,0,0,0,0
235580,0,0,1,0,0,0,0,0
190429,1,0,1,0,0,0,0,0
190208,1,0,1,0,0,0,1,1
190436,1,0,1,0,0,0,0,0
190209,0,0,1,0,0,0,1,0
188873,0,0,1,0,1,0,0,0
190127,0,0,0,0,0,1,0,0
189999,1,1,1,0,0,0,0,0
189963,0,0,0,0,0,1,1,0
190026,0,0,1,0,0,0,0,0
190210,0,0,1,0,0,1,1,0
190138,1,1,1,0,0,0,1,0
190212,0,0,0,0,1,0,0,0
190131,0,0,0,1,0,0,0,0
190214,0,0,0,0,0,0,0,1
190019,0,1,0,1,0,0,0,0
190217,1,1,0,0,0,0,0,0
190230,0,0,0,0,0,1,0,0
190154,1,1,1,0,0,0,0,0
190132,0,0,1,0,0,1,1,1
190320,1,0,1,0,0,0,1,0
189678,1,1,0,1,0,0,0,0
190421,0,1,1,0,0,1,0,0
190199,1,0,1,0,0,0,1,0
189721,1,1,1,0,0,0,1,0
189722,1,1,1,0,0,0,1,0
189723,1,1,1,0,0,0,1,0
189692,1,1,1,0,0,0,1,0
189724,1,1,1,0,0,0,1,0
189685,1,1,0,1,0,0,0,0
189726,1,1,1,0,0,0,1,0
189688,0,0,0,1,0,0,1,0
189727,1,1,1,0,0,0,1,0
189728,1,1,1,0,0,0,1,0
189689,1,1,0,1,0,0,0,0
189729,1,0,0,0,1,0,0,0
189706,0,0,0,0,0,1,0,0
189730,0,0,0,0,0,1,1,0
201714,1,0,0,0,0,0,0,0
189699,0,1,0,1,0,0,0,1
189732,0,1,0,0,0,1,0,0
189668,0,0,1,0,0,0,0,0
189736,0,0,0,0,0,0,0,0
189737,0,0,0,0,0,0,0,0
189738,1,0,1,0,0,0,0,0
189741,0,1,0,0,0,1,0,1
189742,0,0,0,0,0,1,0,0
189743,0,1,0,0,0,1,0,0
189744,0,0,0,0,0,1,0,0
189745,0,0,0,0,0,1,1,0
189746,0,0,0,0,0,0,0,1
189747,0,1,0,0,0,1,0,1
189740,0,0,1,0,0,0,0,0
189751,0,1,1,0,0,1,1,0
189752,0,0,0,0,0,0,0,1
189753,0,0,0,0,0,1,0,0
189755,1,0,1,0,0,0,0,0
189756,0,0,1,0,0,1,0,0
189759,0,0,0,1,0,0,1,0
189760,0,1,1,0,0,1,1,1
189770,0,1,0,1,0,1,0,0
189774,0,1,1,0,0,1,0,0
189778,0,1,0,0,1,0,0,0
189779,1,1,1,0,0,0,0,0
189782,0,1,1,0,0,0,0,0
189787,0,1,1,0,0,0,1,0
189788,0,0,1,0,0,1,0,0
189791,1,1,1,0,0,0,1,0
189793,1,1,1,0,0,0,0,0
189795,1,1,1,0,0,0,1,0
189798,0,0,0,0,0,1,0,0
189799,0,1,0,0,0,1,0,0
189800,1,1,1,0,0,0,1,0
189802,0,0,0,0,0,1,1,0
189812,1,1,1,0,0,0,1,0
189817,1,1,1,0,0,0,1,0
189821,1,0,1,0,0,0,0,0
189824,0,1,0,0,0,0,0,0
189827,0,1,1,0,0,1,1,0
189832,1,1,0,0,0,0,0,0
189833,0,0,0,0,0,1,0,0
201498,0,0,0,1,0,0,0,0
189835,1,1,1,0,0,0,1,0
189836,1,1,1,0,0,0,0,1
201497,0,0,0,1,0,0,0,0
189842,0,0,0,0,0,1,0,0
189854,0,0,0,0,0,1,1,0
189856,1,1,1,0,0,0,1,1
189848,0,0,0,0,0,0,0,0
189857,0,0,0,0,0,1,0,0
189860,1,1,1,0,0,0,1,0
189862,0,0,0,0,1,0,0,0
189870,1,1,1,0,0,0,1,0
189871,1,1,1,0,0,0,1,0
201496,0,0,0,1,0,0,0,0
189884,1,1,1,0,0,0,1,0
189868,1,1,1,1,0,0,1,0
189885,1,1,1,0,0,0,1,0
189891,1,0,1,0,0,0,1,0
189901,1,1,0,1,0,0,0,0
189904,1,1,1,0,0,0,1,0
189905,1,1,1,1,0,0,1,0
189921,0,0,0,1,0,1,0,0
189924,1,1,1,1,0,0,1,0
189925,0,1,0,0,0,0,0,0
189926,1,1,1,0,0,0,1,1
189930,1,1,1,0,0,0,1,0
189907,1,0,1,0,0,1,0,1
189912,0,0,1,0,0,0,0,0
189937,0,0,0,0,0,1,0,1
189939,0,0,0,0,0,0,0,0
189942,1,0,1,0,0,0,0,1
189683,1,1,0,1,0,0,0,0
189853,1,0,1,0,0,1,1,0
188976,0,0,0,1,0,0,0,0
188979,0,0,0,1,0,1,0,0
188980,0,0,1,0,0,0,0,0
189157,0,1,0,1,0,0,0,0
189259,0,1,0,1,0,0,0,0
189260,0,0,0,1,0,0,0,0
189249,0,0,0,1,0,1,0,0
189254,1,0,1,0,0,0,1,0
189256,0,1,0,0,1,0,0,0
189263,1,0,1,0,0,0,1,0
189265,1,0,1,0,0,0,0,0
189266,0,1,1,0,0,0,1,0
189267,0,1,1,0,0,0,1,0
189268,1,1,1,0,0,0,1,0
189270,1,1,1,0,0,0,1,0
189271,1,0,1,0,0,0,1,1
189272,0,0,1,0,0,0,1,0
189592,0,1,0,1,0,1,0,0
144158,0,0,0,0,0,1,0,1
167472,0,1,1,0,0,0,1,0
167507,1,1,0,0,0,0,0,0
167531,1,1,1,0,0,0,0,0
167553,0,0,1,0,0,0,1,0
167592,0,1,1,0,0,0,0,0
167616,0,1,0,0,1,0,0,0
146094,0,0,0,0,0,1,0,1
188816,0,0,1,0,0,0,0,0
188751,0,1,1,0,0,0,1,0
188494,1,1,1,0,0,0,1,0
188495,1,1,1,0,0,1,1,0
188497,0,0,0,0,0,1,0,1
188498,0,1,1,0,0,0,1,0
188500,0,1,1,0,0,0,0,0
188516,1,1,1,0,0,0,1,0
188518,0,1,1,0,0,0,1,0
188519,1,1,1,0,0,0,1,0
188527,0,1,0,0,0,1,1,0
188533,0,0,1,0,0,1,1,0
188534,0,0,0,0,0,0,0,0
146738,0,0,1,0,0,0,1,0
188538,1,1,1,0,0,0,1,0
188541,0,1,1,0,0,0,1,0
188561,0,1,0,0,0,1,0,1
188569,1,1,1,0,1,1,0,0
188574,0,0,1,0,0,0,0,1
188575,1,0,1,0,0,1,1,0
188578,1,1,1,0,0,0,1,0
188579,0,0,0,0,0,1,0,1
188580,0,0,0,0,0,0,0,0
188581,0,1,1,0,1,0,0,0
188588,0,0,0,0,0,1,0,0
188608,0,0,0,0,0,1,0,0
146661,0,1,0,1,0,0,0,1
146662,0,0,1,0,0,1,0,1
146648,0,0,0,0,0,1,0,1
146649,1,0,1,0,0,0,0,0
146655,0,0,1,0,0,0,1,0
146657,1,0,1,0,0,1,0,0
146628,0,0,0,0,0,1,0,1
146611,1,1,1,0,0,0,1,0
146597,0,1,1,0,0,0,1,0
146608,0,0,0,0,0,1,0,0
146545,1,1,1,0,0,0,0,0
146584,0,0,0,0,0,1,0,0
146585,0,0,0,0,0,0,1,0
146567,0,1,1,0,0,1,1,1
146573,1,1,1,1,0,0,1,0
146562,0,0,1,0,0,0,0,1
146555,0,0,0,0,0,1,0,0
146550,0,0,0,0,0,1,0,1
146553,0,0,0,0,0,0,0,0
146544,1,1,1,0,0,0,1,0
188615,1,1,1,0,0,0,1,0
188618,0,0,1,0,0,1,1,0
188619,0,1,0,0,0,1,0,1
188620,1,1,1,0,0,0,1,0
188627,0,0,1,0,0,0,0,1
188629,1,0,1,0,0,1,0,1
188634,1,1,1,0,0,0,0,0
188642,1,1,1,0,0,0,1,0
188663,0,0,0,0,0,1,1,0
188665,1,0,1,0,0,1,0,1
188667,1,1,1,0,0,0,1,1
188668,1,0,1,0,0,0,0,0
188669,1,1,0,0,0,0,0,1
188670,0,0,1,0,0,0,1,0
188672,1,1,1,0,0,0,0,0
188673,1,0,1,0,0,1,0,0
188674,1,1,1,0,0,0,1,0
188677,1,1,1,0,0,1,0,0
188678,0,1,1,0,0,1,1,0
188680,0,0,0,0,0,0,0,1
188681,0,0,0,0,0,1,0,1
188682,0,0,0,0,0,1,0,0
188683,0,0,0,0,0,0,0,0
188685,0,0,1,0,0,1,0,0
146701,1,0,1,0,0,1,0,0
146700,0,0,1,0,1,0,0,0
146924,1,1,1,0,0,0,0,0
146929,1,1,1,0,0,0,1,0
146940,1,1,1,0,0,0,1,0
146918,1,1,1,0,0,0,0,0
167621,1,1,1,0,0,0,1,0
146912,1,1,1,0,0,0,1,0
146913,1,1,1,0,0,0,1,0
146906,0,0,1,0,0,0,0,0
146892,1,0,1,0,0,0,1,0
146866,1,1,1,0,0,0,1,0
146858,1,1,1,0,0,0,1,0
198568,0,0,1,0,0,0,0,0
146841,0,0,1,0,0,1,0,0
146813,1,1,0,0,0,0,0,1
146815,0,0,0,0,0,1,0,0
146808,1,1,1,0,0,0,1,0
146809,1,1,1,0,0,0,0,0
146812,1,1,1,0,0,0,1,0
146749,0,1,0,1,0,0,0,0
146781,1,1,1,0,0,0,0,0
188520,0,0,1,0,0,0,1,0
188708,0,1,0,1,0,0,0,0
188717,0,0,1,0,0,1,1,1
188718,1,0,1,0,0,0,1,0
146711,0,1,1,0,0,1,1,0
146726,0,0,0,1,0,1,0,0
188722,0,0,1,0,1,0,1,0
188723,0,0,0,0,0,1,0,0
188724,1,1,1,0,0,0,1,0
188725,1,0,1,0,0,0,0,0
188727,1,1,1,0,0,0,1,0
188732,0,1,1,0,0,0,1,0
191339,1,0,0,0,0,0,0,0
188733,0,0,1,0,0,0,1,0
188735,0,0,1,0,0,0,0,0
188737,0,0,0,1,0,0,0,0
188747,0,0,0,0,0,1,0,0
188748,0,1,0,1,0,0,0,0
188499,1,1,1,0,0,1,1,0
167725,1,1,1,0,0,1,0,0
167804,1,1,1,0,0,1,0,0
167852,0,0,1,0,0,1,1,0
167879,0,0,0,0,1,0,0,0
188552,0,0,0,0,0,0,0,0
167448,1,1,1,0,1,1,0,0
167434,1,0,1,0,0,0,0,0
167264,0,1,0,0,0,1,1,0
167159,0,1,1,0,0,0,0,0
166673,0,0,1,0,0,1,0,0
166755,0,1,1,0,0,1,1,0
90295,0,1,1,0,0,0,1,0
167105,0,1,0,0,1,0,0,0
90257,1,1,1,0,0,0,1,0
90265,1,1,1,0,0,0,1,0
147233,0,1,0,1,0,0,0,0
147205,0,0,0,1,0,1,0,0
147211,0,0,0,0,0,1,0,0
166950,0,1,1,0,0,0,1,0
147123,1,0,1,0,0,0,1,0
147089,1,1,1,0,0,0,1,0
166790,1,1,0,0,1,0,0,0
166844,1,1,1,0,0,0,0,0
146945,1,1,1,0,0,0,1,0
146931,1,1,1,0,0,0,0,0
146934,1,1,1,0,0,0,1,0
146916,1,1,1,0,0,0,0,0
146910,0,0,0,0,0,0,0,0
146907,1,1,1,0,0,0,1,1
146887,0,0,0,0,0,1,0,0
146869,0,1,1,1,0,0,0,0
146863,0,1,0,0,1,0,0,0
146873,1,1,1,0,0,0,1,1
146874,0,0,1,0,0,0,0,0
146877,1,0,1,0,0,1,1,0
146853,0,1,0,1,0,0,0,0
146860,0,1,1,0,0,1,0,0
146857,1,0,1,0,0,0,0,0
146848,0,1,0,1,0,0,0,0
146845,1,1,1,1,0,0,1,0
146833,0,0,0,0,0,1,0,1
146829,0,0,1,0,0,0,0,1
146819,1,1,1,0,0,0,0,0
146822,0,0,1,0,0,1,0,0
146852,0,0,0,1,0,0,0,0
146816,0,1,1,0,0,1,1,0
146807,1,1,1,0,0,0,1,0
146803,1,1,1,0,0,0,1,0
146799,0,0,1,0,0,1,0,0
146801,1,1,1,0,0,0,0,0
146791,0,0,0,0,0,1,1,0
166858,1,0,1,0,0,0,1,0
146420,1,1,0,0,0,0,0,0
146784,1,1,1,0,0,0,1,1
146785,1,0,1,0,0,1,1,0
146782,0,0,1,0,0,1,0,1
146758,0,0,0,0,0,1,0,0
146757,0,1,1,0,0,0,0,1
146760,1,1,1,0,0,0,1,0
146753,1,0,1,0,0,0,1,0
146759,0,1,0,0,0,0,0,0
198569,0,0,1,0,0,0,0,0
146744,1,1,1,0,0,0,1,0
146745,1,1,1,0,0,0,1,0
146751,1,1,0,0,0,1,0,0
146736,0,1,1,0,0,1,1,1
145715,1,1,1,0,0,0,1,0
145767,0,1,0,0,0,0,0,0
145775,0,1,1,0,0,0,1,0
145690,0,1,0,0,0,0,0,0
145659,0,0,0,0,0,1,0,0
145672,1,1,1,0,0,0,0,0
146772,1,1,1,0,0,0,1,0
146740,1,1,1,0,0,0,1,0
146838,1,1,1,0,0,0,1,0
146811,0,0,1,0,0,0,1,0
146859,0,1,1,0,0,0,1,0
146774,0,1,1,0,0,1,0,1
146896,1,0,1,0,0,0,0,0
146817,1,1,1,0,0,0,0,1
146794,0,0,1,0,0,0,1,0
146867,0,1,1,0,0,0,0,0
146856,1,0,1,0,0,0,0,0
146779,0,0,0,0,0,1,1,0
146894,0,0,1,0,0,0,1,0
147099,1,1,1,0,0,0,1,0
147128,1,0,0,0,0,1,0,0
146795,1,0,1,0,0,0,1,0
146930,0,1,1,0,0,0,1,0
146952,0,1,0,0,0,0,0,0
146748,0,1,1,0,0,0,1,0
147194,1,0,1,0,0,1,1,0
146888,0,1,1,0,0,0,1,0
146870,0,0,0,0,0,0,0,0
146828,1,1,1,0,0,0,1,0
146835,1,1,1,0,0,0,0,1
147021,1,1,1,0,0,0,0,0
146827,1,1,1,0,0,1,0,0
146939,1,1,1,0,0,1,0,0
146786,0,0,1,0,0,1,0,0
146832,0,0,0,0,0,1,0,1
147040,0,0,1,1,0,0,1,0
147134,0,0,0,0,0,1,0,1
147121,0,1,1,0,0,0,0,0
146769,1,1,1,0,0,0,1,0
146882,0,0,0,0,0,0,0,0
146994,0,0,0,0,0,0,0,1
146733,1,1,1,0,0,0,0,0
146895,0,0,1,0,0,0,1,0
146747,0,0,0,1,0,0,0,0
146842,1,1,1,0,0,0,1,1
146900,0,0,0,1,0,1,0,0
146798,1,1,1,0,0,0,1,0
146766,0,0,0,0,0,1,0,0
147016,0,0,0,0,0,1,0,0
147180,0,0,0,0,0,1,0,1
146886,0,0,0,0,0,1,0,0
147193,0,0,1,1,0,1,0,0
146902,0,1,1,0,0,1,1,0
147088,1,1,1,0,0,0,1,0
146844,1,1,1,0,0,0,1,1
146995,0,0,0,1,0,0,0,0
146989,0,1,1,0,0,0,1,0
146787,0,0,1,0,0,1,0,0
147081,0,0,1,0,0,0,1,0
147071,1,1,1,0,0,0,1,0
146987,0,0,0,0,0,1,0,1
146773,1,1,1,0,0,0,0,0
147125,1,1,1,0,0,0,1,0
146334,1,1,1,0,0,0,1,0
146306,0,1,0,1,0,0,1,0
146376,0,1,1,0,0,0,0,0
146653,1,1,1,0,0,0,0,0
146331,1,1,0,1,0,0,0,0
146640,1,1,1,0,0,1,0,0
146161,1,1,1,0,0,0,1,0
146163,1,0,1,0,0,0,0,0
146256,1,1,1,0,0,0,1,0
146581,1,1,1,0,0,0,1,1
146542,1,1,1,0,0,0,0,0
146651,0,1,1,0,0,1,0,1
146145,1,1,1,0,0,0,0,0
146541,0,1,1,0,0,1,1,0
146703,1,1,1,0,0,0,1,0
146253,1,0,1,0,0,0,0,0
146652,1,1,1,0,0,0,0,0
146211,0,1,0,0,1,0,0,0
146647,1,0,0,1,0,1,0,0
146489,0,0,0,0,0,1,0,1
146464,0,0,0,0,0,0,0,0
146654,0,1,1,0,0,0,1,0
146503,0,0,0,0,0,0,0,0
146477,0,0,0,0,0,0,0,0
146244,1,0,1,0,0,0,0,0
146644,1,1,1,0,0,0,0,0
146481,0,0,0,0,0,1,0,0
146559,1,1,1,1,0,0,1,0
146148,1,0,1,0,0,0,0,1
146568,0,0,1,1,0,0,0,0
146512,1,1,1,0,0,0,0,0
146225,0,0,0,1,0,0,0,0
146280,1,1,1,0,0,0,1,0
146677,0,1,0,0,0,0,0,0
146340,1,1,1,0,0,0,0,0
146342,0,1,0,0,1,0,0,0
146600,1,1,1,1,0,0,1,0
146218,1,1,1,0,0,0,0,0
146279,0,1,1,0,0,1,0,1
146168,0,1,0,1,0,1,0,0
146413,0,0,0,0,0,1,0,1
146146,1,1,1,0,0,0,0,0
146136,1,1,1,0,0,0,1,0
146500,1,1,1,1,0,0,1,0
146682,1,0,1,0,0,0,1,0
146377,0,1,0,1,0,0,0,0
146283,0,1,1,0,0,0,0,0
146452,0,1,0,1,0,0,0,0
146242,0,1,0,0,0,0,0,0
146455,1,1,1,0,0,0,1,0
146625,0,0,0,1,0,0,0,0
146207,0,1,1,0,0,0,1,0
146363,1,0,1,0,0,0,0,0
146548,0,0,0,0,0,1,0,0
146602,0,1,0,1,0,0,0,0
146271,1,0,1,0,0,0,0,0
146560,0,0,0,0,0,1,0,1
146564,0,1,1,0,0,1,0,1
146599,0,1,0,0,0,0,0,0
146206,0,0,0,0,0,1,0,0
146506,0,0,0,1,0,0,0,0
146609,0,1,1,0,0,1,1,0
146190,1,1,1,0,0,0,1,0
146230,0,0,1,0,0,0,0,0
146531,0,0,0,0,0,0,0,0
146498,1,0,1,0,0,1,0,1
146456,1,0,1,0,0,1,0,0
146570,0,1,1,0,0,1,1,0
146374,0,0,1,0,0,0,0,0
146444,0,0,1,0,0,0,1,0
146532,0,0,0,0,0,1,0,0
146488,0,0,1,0,0,1,1,0
201526,0,0,0,1,0,0,0,0
146529,1,0,0,1,0,1,0,0
146370,1,1,1,0,0,0,0,0
146321,0,1,0,1,0,0,0,0
146179,0,1,1,0,0,1,1,0
146410,0,0,0,1,0,0,0,0
146670,0,1,1,0,0,1,0,0
146375,0,0,0,0,0,1,0,0
146508,0,0,0,0,0,0,0,0
146538,0,0,0,1,0,0,0,0
146323,0,1,1,0,0,0,0,0
146223,0,1,0,0,0,1,1,0
146268,1,1,1,0,0,0,1,0
146131,0,0,0,0,0,1,1,0
146520,0,0,0,0,0,1,0,0
146346,0,0,1,0,0,0,0,1
146474,0,0,1,0,0,1,0,0
146316,0,0,0,0,0,1,0,1
146129,0,0,1,0,0,1,1,0
146539,0,0,0,0,0,0,0,0
146665,0,0,0,0,0,0,0,1
146434,0,1,1,0,0,0,1,0
146576,0,1,1,0,1,0,0,0
146157,0,0,0,1,0,1,0,0
146593,0,1,0,1,0,0,0,0
146275,0,0,1,0,0,0,1,0
146627,0,0,0,0,0,1,0,1
146404,0,0,1,0,0,1,0,0
146287,1,0,1,0,0,1,0,0
146527,0,0,0,0,0,1,0,0
146664,0,0,0,0,0,1,0,1
146605,0,1,0,1,0,1,0,0
146603,0,0,0,1,0,1,0,0
146522,0,0,0,0,0,0,0,0
146212,0,0,1,0,0,0,1,0
237442,0,0,0,1,0,0,0,0
146054,1,0,1,0,0,1,0,1
146048,0,1,1,0,0,0,0,0
145968,0,1,1,0,0,1,1,1
145985,0,1,1,0,0,0,0,0
146047,0,1,1,0,0,0,1,0
145964,0,0,0,0,0,0,0,0
146039,0,0,0,0,0,1,0,0
146005,1,1,1,0,0,0,1,0
145934,1,1,1,0,0,0,0,0
145956,1,1,1,0,0,0,1,1
146022,1,1,1,0,0,0,1,1
146060,0,1,1,0,1,0,0,0
146014,1,1,1,0,0,1,0,0
146033,1,0,1,0,0,0,1,0
146023,0,0,0,0,0,1,0,0
145984,0,1,1,0,0,0,0,0
145954,1,1,1,0,0,0,0,0
145925,0,0,1,0,0,1,1,0
145939,0,0,1,0,0,1,0,1
146000,1,1,1,0,0,0,1,0
146013,0,1,0,0,0,1,1,0
145962,0,0,0,0,0,1,0,1
145945,0,1,0,1,0,0,0,0
145992,1,1,1,0,0,0,1,1
145938,1,0,0,0,0,0,0,0
145969,0,0,0,0,0,1,0,1
146073,1,1,1,0,0,1,1,0
146081,0,1,1,0,0,0,1,0
146007,0,0,0,1,0,0,0,0
146029,1,0,1,0,0,0,0,0
146004,1,1,1,0,0,0,0,0
146046,0,1,0,0,0,1,0,1
145686,0,1,1,0,1,0,0,0
198570,0,0,1,0,0,0,0,0
145809,1,1,1,0,0,0,0,0
145722,0,1,1,0,0,0,1,0
145890,0,0,0,0,0,1,0,0
145835,0,0,0,0,0,1,0,1
235578,0,0,1,0,0,0,0,0
145848,0,0,0,0,0,0,0,0
145491,1,1,1,0,0,0,1,0
145924,1,1,1,0,0,0,1,0
145860,0,1,0,0,1,0,0,0
145828,0,1,1,0,0,0,1,0
145827,0,0,1,0,0,1,0,1
145497,1,0,1,0,0,0,1,0
145724,0,1,0,0,0,1,0,0
146383,0,0,1,0,0,1,0,0
145889,0,0,0,1,0,0,0,0
145861,1,1,1,0,0,1,1,0
145831,1,1,1,0,0,0,1,1
145689,0,1,0,1,0,0,0,0
201720,1,0,0,0,0,0,0,0
145919,0,1,1,0,0,0,1,0
145774,0,1,1,0,0,1,0,0
145608,0,0,1,0,0,1,1,0
145653,0,0,0,0,0,1,0,0
145598,1,0,1,0,0,1,1,0
145594,1,0,1,0,0,0,1,1
145593,0,1,1,0,1,0,0,0
145581,1,1,1,0,0,0,1,0
145569,0,1,0,1,0,1,0,0
145637,1,0,1,0,0,1,0,0
145673,1,1,1,0,0,0,0,0
145658,0,1,1,0,1,0,1,0
145630,0,0,0,0,0,1,0,1
145568,0,1,0,1,0,0,0,0
145661,0,0,0,1,0,1,0,0
145667,1,1,0,0,0,0,0,0
145641,1,1,1,0,0,1,0,0
145567,0,0,0,1,0,0,0,0
145664,1,1,1,0,0,0,0,0
145607,0,0,0,0,0,1,0,1
145604,0,0,1,0,0,0,1,0
145610,0,0,0,0,0,1,0,0
145613,1,1,1,0,0,0,1,0
145223,1,0,1,0,0,0,0,0
145229,0,0,0,0,0,1,0,0
145170,1,0,1,0,0,1,0,0
145165,0,0,1,0,0,0,1,0
145172,0,0,0,0,0,1,0,1
145156,0,0,1,1,0,0,0,0
145114,1,1,1,1,0,0,1,0
144981,0,1,1,0,0,0,0,0
144978,1,1,0,0,0,0,0,0
144308,0,0,0,0,0,0,0,0
145021,0,0,1,0,0,0,0,0
144770,0,0,0,0,0,1,0,0
144768,0,1,1,0,1,0,0,0
144920,0,1,1,0,0,0,1,0
144593,1,1,1,0,0,0,1,0
144890,0,1,0,1,0,0,0,0
144835,0,0,1,0,0,0,1,1
198432,1,0,0,0,0,0,0,0
198435,1,0,0,0,0,0,0,0
144661,1,1,1,0,0,0,1,0
144671,1,1,1,0,0,0,1,0
144586,0,0,0,1,0,0,0,0
145531,0,0,0,0,0,1,0,0
144594,0,0,0,1,0,0,0,0
145529,0,1,1,0,0,1,0,0
144502,0,0,0,0,0,1,0,1
144411,0,1,0,0,0,1,0,0
144333,0,0,1,0,0,0,1,0
144554,0,0,0,0,0,1,0,0
144463,0,1,1,0,0,1,1,0
144403,1,1,1,0,0,0,0,0
144404,1,1,1,0,0,0,1,0
144365,0,1,1,0,0,1,0,0
144519,0,1,0,1,0,1,0,0
144509,0,1,0,0,0,0,0,0
144565,0,0,1,0,0,0,0,0
144536,0,0,0,0,0,1,0,0
144462,0,0,0,0,0,1,0,1
144405,0,1,1,0,0,1,0,0
143721,1,0,1,0,0,0,1,0
143801,0,1,0,1,0,1,0,0
143847,0,0,0,0,0,1,0,0
143851,1,1,1,0,0,0,1,0
143852,0,1,0,0,1,0,0,0
143943,1,0,0,0,0,0,1,0
143989,0,1,0,0,0,1,0,1
143990,0,1,1,0,0,1,1,0
144032,0,0,1,0,0,1,1,0
144408,0,0,0,0,0,1,0,0
144280,1,1,1,0,0,0,0,0
144114,1,1,1,0,0,0,0,0
144118,1,1,1,0,0,0,1,0
144142,1,0,1,0,0,0,0,0
144153,0,0,0,0,0,0,0,0
144156,1,0,1,0,0,0,0,0
144157,0,0,0,0,0,1,1,0
144180,1,1,1,0,0,0,1,0
144197,1,0,1,0,0,0,0,0
144242,1,1,1,0,0,0,1,0
144284,0,1,1,0,0,0,1,0
144290,1,1,0,0,0,0,0,0
144291,0,0,0,1,0,1,0,0
200877,0,0,0,0,0,0,0,0
200235,0,0,0,0,0,0,0,0
199719,0,0,0,0,0,0,0,0
191280,0,0,0,0,0,0,0,0
146031,0,0,0,0,0,0,0,0
195035,0,0,0,0,0,0,0,0
190977,0,0,0,0,0,0,0,0
237496,0,0,0,0,0,0,0,0
199201,0,0,0,0,0,0,0,0
197239,0,0,0,0,0,0,0,0
197237,0,0,0,0,0,0,0,0
195653,0,0,0,0,0,0,0,0
195635,0,0,0,0,0,0,0,0
194443,0,0,0,0,0,0,0,0
191286,0,0,0,0,0,0,0,0
146885,0,0,0,0,0,0,0,0
146631,0,0,0,0,0,0,0,0
144951,0,0,0,0,0,0,0,0
235634,0,0,0,0,0,0,0,0
195294,0,0,0,0,0,0,0,0
192437,0,0,0,0,0,0,0,0
146898,0,0,0,0,0,0,0,0
235439,0,0,0,0,0,0,0,0
201373,0,0,0,0,0,0,0,0
200626,0,0,0,0,0,0,0,0
200103,0,0,0,0,0,0,0,0
197946,0,0,0,0,0,0,0,0
196931,0,0,0,0,0,0,0,0
196945,0,0,0,0,0,0,0,0
196656,0,0,0,0,0,0,0,0
196478,0,0,0,0,0,0,0,0
192702,0,0,0,0,0,0,0,0
191355,0,0,0,0,0,0,0,0
191344,0,0,0,0,0,0,0,0
188592,0,0,0,0,0,0,0,0
146288,0,0,0,0,0,0,0,0
144518,0,0,0,0,0,0,0,0
